,en_text,fa_text,bart_translation
0,how about a librarian? they're cool.,???? ?????? ??????? ???? ???? ????,?? ??????? ????? ???? ??? ?????
1,"i'm sorry miss kamen, but i can't do that.",???? ???? ?????? ??? ?????,"??????? ???? ?????? ??? ??????? ??? ???? ????"
2,cloud microphysics. - guys.,?????????? ??? - ?????? -,???? ???????????
3,they're skating. - and someone complained?,- ???? ????? ???? ????? - ? ??? ????? ?????,????? ????? ?? ???? ? ?? ??? ????? ?????
4,can you tell me what's going on?,???? ??? ??? ?? ?????,?? ???? ??? ????? ????
5,just keep the baby instead?,??? ?? ?? ??? ??? ?????,??? ??? ?? ??? ????????
6,let's get our data.,???? ?????????? ?? ??? ????,?????? ???? ?????? ?? ??? ????
7,"it's been fun though, right?",??? ??? ????. ???,"?? ??? ???? ???? ????? ??????"
8,grapefruit!,! ???????????,???? ????
9,of course.,????,?????
10,"well, they use the earth portal.","??? ?? ?????? (= ??????) ????? ??????? ?????","???? ?? ?????? ???? ??????? ?? ????"
11,"dad, i don't wanna go.","????? ??????? ???","???? ?? ??? ????? ???"
12,and we look stupid.,? ?? ??? ??????? ???? ???????,? ?? ??? ??????? ?? ????
13,your purposes. your meanings of life. so basic.,"??? ??? ???? ??????? ???? ????","??? ???? ????? ????? ???? ???? ??????? ???"
14,"kate, this is... this is marshall riggs.","???? ????? …????? ?????? ???? ????","???? ???... ??? ?????? ???? ???"
15,whoa! hey!,"???? ??","???? ???"
16,where? - fox crest condo complex. it's really good money.,???? - «?????» ???? ?????? ?????- ????? ??? ???? ????,??? ??? ????? ?????
17,"keep going! all right, you got her?","! ???? - ???????? ??????? -","????? ???? ?????? ?? ?? ?? ??????"
18,this is a piece of chandelier. this is a crystal.,. ??? ?? ???? ?? ?????? ??? ?? ????????,"??? ?? ??? ???? ???? ?? ???????"
19,do you have anything that can help us?,???? ???? ?? ?? ??????? ?????,???? ???? ?? ?????? ?? ?? ??? ????
20,maybe you will find their spark,???? ??? ?????? ???? ??? ?? ???? ????,???? ???? ?? ?? ?? ???? ???
21,whoa!,! ???,???
22,"oh, yeah, thanks. thanks, man.","???? ???? ????? ????? ???","???? ???? ?????? ????? ???"
23,jovan talked some guy into buying the moon for him.,???? ??? ?? ???? ??? ???? ??? ????,????? ?? ??? ??? ?? ??? ?? ????? ????
24,kate!,! ???,???
25,we made it! this is going to work.,?? ???????? ????? ???? ?????,"?? ??? ??? ?? ?????? ??? ?????? ??? ???"
26,"that belong in the back of the mind,",??? ?? ????,"?? ?? ??? ??? ??????"
27,"oh, jesus.",?? ???,"???? ???? ??"
28,"come on, come on! you got to go! it's here!","! ????????? ????????! ???? ????! ?????? ????","????? ????? ?? ???? ????? ??? ????"
29,you are not all that.,????? ?? ??? ?????,?? ??? ????? ?????
30,"well, maybe,",??? ????,"??? ?????"
31,"riley, what are you talking about?","?????? ?? ?? ??? ???????","????? ?????? ?? ??? ?? ????"
32,"well, actually, that does sound kinda nice.",????? ?????? ?????,"??? ?? ????? ??? ??? ?? ??? ?? ???"
33,"i'm sorry. what was that, officer?",?????? ?? ???? ???? ?????,"??????? ??? ?? ???? ?????"
34,we show them we're a fire hawk who will do whatever it takes.,????? ???? ?????? ?? ????? ?????? ????? ?? ?????? ???? ???? ???????,????? ???? ????? ?? ?? ??????? ??? ????? ?? ?? ???? ?? ????? ????? ???
35,"turns out, there's more to this story than i thought.","????? ?????? ?? ??? ???? ?? ??? ???????? ??????????",????? ?? ?? ??? ?????? ??? ?? ???? ???? ?? ??? ?? ????
36,"well, didn't throw you off the scent.","??? ?? ?? ????? ????? ??","???? ?? ?? ?? ?? ????? ????"
37,hi. - he's okay.,????- ????-,"????? ???? ????"
38,maybe i will. - wonderful.,???? ???? - ????? -,???? ??????
39,what? -she knows better than that.,??? - ??? ??????? ?? ??? ???????? -,??? ?? ???? ?? ??? ?? ????
40,"and you lean on me, 'cause i'm gonna take you.",",? ??? ???? ??. ????? ??????","? ?? ??? ?? ?? ????? ??? ?? ?? ?? ?? ???"
41,"you know, life and all.","???????? ??????? ????? ? ??????","?? ????? ????? ? ??? ???"
42,this is the moment where i fell in love with jazz.,??? ??????? ??? ?? ?? ???? ?????? ??? ???,??? ???? ?? ??? ?? ???? ??? ???
43,remember leigh had all these plans about getting married under the arbor?,???? ???? ?? ??? ??? ???? ???? ?????? ??? ??? ??????? ???,??????? ?? ???? ??? ???? ?? ?? ?????? ?????? ??? ???? ???? ??????
44,yep. i'm aware.,"???? ??? ????","???? ??????"
45,subtitles by explosiveskull,: ????? ?? Overhaul,????? ??? ??? ???? Explosiveskull
46,no way! i am not moving!,! ?????! ?? ?? ????? ???? ????????,"????? ?????? ?? ???? ??? ???"
47,run!,! ???? ??,???? ??
48,guys...,…??????,??? ??...
49,anchors away!,! ??????? ????,???? ????
50,"remember, we agreed not to make a big deal about this.","?????? ????? ???? ??? ????? ?????? ?????","???? ????? ?? ?????? ????? ?? ?? ??? ???? ???? ???? ?????"
51,"i have, like, 400 from helping my dad around here.",?? ???? ??? ?? ???? ??? ???? ?? ???? ????,?? ???? ??? ???? ?? ??? ???? ?? ???? ?? ??? ????? ?????
52,"uh, look, my mom has her own definition of what success is,","??? ????? ?????? ????? ????? ?? ?????? ????","???? ???? ??? ????? ????? ???? ?? ???? ?????? ?????"
53,truth or dare?,????? ?? ??????,????? ?? ?????
54,how do you know? - how do i know about anything?,?? ??? ??????? ??????? ?? ???? ???? ?? ??????,?? ????? ??????? ?? ????? ?? ???? ???? ???????
55,most people.,???? ????,????? ????
56,and for what?,???? ???? ???,? ???? ???
57,let's cut these guys off.,????? ????? ?? ????,?????? ??? ??? ?? ?? ?? ??? ?????
58,"wow. nice work. - well, who is it?",????? ???? ??? ??? - ???? ?? ???? -,"???? ?????? ???? ??? ????"
59,do you find that to be true?,?? ???? ?????????,??? ?? ???? ??? ???? ????
60,"listen. - okay,",??? ??- ????-,"??? ??? ?????"
61,what is she doing?,???? ?? ??? ???????,??? ???? ??????
62,what the fuck is wrong with her?,?? ??????,?? ????? ?? ?? ???? ?????
63,"we're there! -thank you,",???? ????? - ????? -,"?? ????? ?????? ??????"
64,and i'll spare the life of the baby.,? ?? ??? ??? ???????,? ?? ??? ??? ??? ?? ?? ??? ?? ???
65,you know what that's gonna say? joe gardner!,?????? ?????? ?? ????! ?? ??????,?????? ??? ?? ?????? ???? ?? ??????
66,hey.,??,??
67,todd's gonna stay with me until he finds a place.,??? «?? ?? ??????». ?? ?????? ?? ?? ???? ???,??? ?? ????? ?? ???? ???? ??? ?? ?? ????? ???
68,"go, go, go, go, go!","! ???? ???? ???? ???? ???",??? ??? ??? ???
69,i'm mixing.,???? ????? ??????,???? ???? ?? ???
70,"and maybe you can listen to it and tell me to quit after, okay?","? ???? ?????? ??? ???? ? ???? ??? ???? ?????? ???? ?????","? ???? ?????? ?? ??? ??? ??? ???? ? ??? ?? ?? ?? ?? ??? ?? ?????? ???? ?????"
71,"whose mothers smoked weed during utero,",? ????????? ?? ??? ????? ????? ????? ??? ???????,"?? ?????? ?? ?? ?? ????? ?????? ?? ?? ??????"
72,even better than the cows.,??? ???? ?? ?????,??? ?? ????? ???? ???
73,"[ stammers ] what does this remind me of, mel?",??? ??? ??? ??? ?? «????????»,"??? ??? ?? ??? ?? ???? ?? ??????? ???"
74,over my dead flaming body!,??? ?? ??? ??????? ?? ??,"????? ??? ????? ? ???"
75,look! there i am.,! ???? ?? ??????,"???? ??? ?? ??????"
76,so we gotta chop chop.,?? ???? ??????,?? ???? ??? ??? ????
77,"this bitch keeps fucking around,",??? ??? ????? ?????????? ?? ????? ???,??? ???? ???? ??? ? ?? ?? ????
78,mm-hmm.,?????,?? ??
79,"i mean, you'd have to",…????,?????? ??? ??? ?? ????
80,"tornado wranglers. - tornado wranglers, baby.","???????????? ??????? ????? -! ????????? ????? -",?????? ????? ??
81,"riley, i'm open. pass it, pass it!",". ?????? ?? ??????? ??? ???? ??? ???","????? ????? ????? ?????"
82,leave her alone.,??? ????,?? ?? ???? ???????
83,now it's your turn to help us.,???? ???? ????? ?? ??????? ????,???? ???? ????? ?? ?? ?? ??? ????
84,"forget 'em! -no, no, no, i can find her.","??????????? - ??? ??????? ????? ??? -","?? ?? ?? ?????? ??? ??? ??? ??? ?? ?? ????? ?? ?? ???? ???"
85,"no, no, no, no.",". ??,??,??,??","??? ??? ??? ??"
86,we can't let her do this to riley.,????? ?????? ????? ????? ?? ????? ?????,??? ????? ?????? ???? ??? ???? ????
87,"we lost your radar, javi. you got eyes on the tornado?",????? ?? ?? ?? ??? ????? ???? ?????? ?? ????????,"?? ?????? ?? ?? ??? ?????? ????? ?? ??? ?? ?? ??????? ?????"
88,you get what it takes to be the best.,?? ??????? ??????? ?? ????,?? ????? ?????? ????
89,and she's nice to stray cats.,???? ?? ???????? ????? ?? ????? ???? ????,? ???? ?? ?? ????? ?? ???
90,"i long to be a hero,",?? ????? ?????? ???? ?? ????,"?? ???? ??? ?? ????? ?????? ?????"
91,"yeah, feels like it's a little sticky. - oh, no.","???? ?????? ???? ?????? - ??? ?? -","???? ?? ?? ??? ?? ?? ???????"
92,look at that. look at tintin.,???? ???? ?????? ?? ????,"?? ??? ???? ??? ?? ????? ???? ??"
93,"uh, mrs. rosenberg had a family vacation on the books",???? ??????? ????? ???? ??,"??? ???? ??????? ?? ??????? ???????? ?? ???? ????"
94,what? you're paranoid.,??? ???? ??? ????,??? ?? ???????? ????
95,he told me about all those late night meetings,?? ???? ??? ??? ????? ?????,?? ?? ???? ??? ??? ?????? ??? ??? ?? ?? ?? ???
96,"you need a ride to work, you got to get going now.",??? ?????? ?? ????? ??????? ?? ?? ??? ???? ???? ???? ???? ??,"???? ???? ???? ?? ???? ???? ???? ?? ???"
97,"come on, buddy.",??? ????,???? ????
98,you need this to happen,?? ???? ?? ?? ?? ???????,???? ??? ??? ????? ?????
99,then we'll divide into teams.,???? ???????? ???????,??? ?? ???? ?? ????? ?????
100,"ever since you got struck by lightning, you're no fun.",?? ???? ??? ? ??? ??? ????? ???? ??? ??? ?????,"?? ???? ?? ?? ???? ????? ?????? ????? ???? ??? ???? ?????"
101,i've been wondering what you want me to do with all this stuff.,?????????? ??????? ?? ???? ?? ??? ???,?? ??? ?? ???? ?? ?? ??? ??? ????? ???? ???????
102,sully! sully! - sully!,"????? ????","????? ????? ????"
103,damn. dandelion girl was right.,???? ??? ???? ?????? ???? ??????,"?????? ???? ??????? ???? ???? ???"
104,and practice like we've never practiced before.,? ?? ???? ???????? ????? ????,? ????? ???? ??? ??? ?? ??? ?? ???? ????? ????? ???
105,everything is beautiful!,??????? ?????,??? ??? ??????
106,then you must make your curse your gift.,?? ???? ?????? ?? ????? ?? ?????? ???,?? ???? ????? ?? ?? ???? ???? ???
107,that's not good.,??? ??? ????,??? ??? ????
108,let's get these memories downstairs.,????? ??? ?????? ?? ??????? ???? ?????,?????? ??? ?????? ?? ?? ??? ?? ????? ?????
109,"so dad could pursue his dreams, and i can't?",?? ???? ?????? ??? ????? ???????? ??? ?? ????????,"?? ??? ?? ????? ?? ????? ??????? ????? ??? ?? ??? ??????"
110,excuse us. -hey! you can't use that.,"?? ??? ???? - ??? ?? ??????? ??? ?? ?????? -","????? ?? ?????? ??? ?? ??? ????? ?? ?? ??????? ???"
111,but now we have a way to fight back.,??? ???? ?? ???? ???? ?????? ????? ?????,??? ???? ???? ???? ?????? ?? ??? ?????
112,"i'm, look, i'm so.",…??,"?? ????? ????? ?? ???? ??? ????"
113,you can't say that.,??????? ??? ?? ???,??? ???? ???? ???
114,i'm taking the baby.,??? ?? ??????,???? ??? ?? ?? ???
115,it's got to be absolutely perfect.,???? ???? ???? ????,???? ????? ???? ????
116,in theory.,?? ???? ?????,?? ??? ?????
117,"come on, it's okay.",???? ???? ????,"????????? ????? ????"
118,i got my hands on a few prototypes.,?? ????? ????? ???????? ?? ??? ?????,?? ??? ?? ?? ????? ??? ????? ?? ?????
119,you care too much about things.,???? ????? ????????,?? ?? ????? ??? ?? ?????? ????? ?? ????
120,it's okay.,???? ????,???? ????
121,"okay, so, so let's make the next one","???? ??? ??? ???? ??","??? ??? ?? ?????? ???? ?? ???? ????"
122,i think so.,. ?? ???,???? ?? ??? ?? ??? ??? ???
123,i'm going to live every minute of it.,????? ?? ????? ???? ??? ??????? ???,?? ?? ????? ?? ????? ?? ?? ?? ???????
124,you want one?,??????? ?????? ????,??? ???????
125,can i please just pay the ticket and go home?,????? ???? ????? ??? ? ??? ?????,???? ?????? ???? ? ????? ?????
126,the count's off.,! ??????? ???? ????,???? ??? off ???
127,this is more than i remember sending back here.,???? ????? ??? ??? ????? ??????? ????? ?????,??? ???? ????? ?? ????? ??? ?? ???? ??? ?? ????? ?????????
128,"all righty, mentors.",???? ?? ???????,"??? ??? ?????? ??????"
129,we've never connected an untethered soul back to its body before.,?? ?????? ?? ??? ???? ?? ?? ???? ???????????,?? ???? ??? ?? ?? ?? ??? ?? ??? ? ????? ?? ???? ??? ???? ???
130,"guys, let's go, go, go!","! ??????? ????? ????? ????","??? ??? ???? ???? ???? ????"
131,that are right there to the printer? no.,??? ????? ??????? ???? ??? ????? ??,????? ???? ???? ????? ?????? ??
132,what pills?,???? ???????,?? ??? ?????
133,"because, mon ami, we need to speed things up,","???? ?????? ??? ???? ???? ????","???? ???? ??? ?? ???? ??? ?? ?????? ?????"
134,whoa!,! ???,???
135,i'm sure you're very talented in a lot of different ways.,?????? ?? ?? ?? ???? ????? ?? ????????,?? ?????? ?? ?? ?? ?????? ?? ????? ?? ????? ???????? ????
136,"a one-way expressway to,",????? ??? ??? ??????,?? ??????? ?? ????
137,"okay, uniforms.","???????? ???????","????? ???? ???? ???"
138,exactly what you'd expect.,????? ???? ???? ?? ?????? ??????,????? ???? ??? ?? ?????? ?? ?????
139,that's a sar-chasm.,???? ???? ?? ????????,??? ?? ??????
140,remember when we all finally came up to headquarters?,??? ???? ?? ??????? ?? ???? ????? ????? ???? ?????????,??????? ???? ??????? ?? ???? ????? ?????? ????????
141,we got to get him down. okay.,. ?? ???? ??????? ????? -. ???? -,"???? ?? ?? ????? ???????? ????"
142,they have a nice wine list.,???????? ???? ????,????? ?? ????? ??? ?? ???? ?????
143,you too.,??? ?? ????????,?? ?? ???? ???
144,i don't know.,. ???????,??? ????
145,it's okay. it's okay. i'll do it.,. ???? ?????. ????? ????. ?? ?????? ????,"????? ????? ????? ????? ?? ??? ??? ?? ?? ???"
146,mom doesn't know about this gig.,????? ????????? ???? ???? ???????,????? ?? ???? ??? ??? ??? ????
147,that one goes there. check.,. ??? ?? ????? ????? ????? ??,"??? ??? ?? ?? ?????? ?????"
148,"come on, kate. all right, you got it.","?????? ??? ???????? ???? ??","????? ???? ???? ??? ????? ???"
149,"sorry, but joe can't do it today.","??????? ??? ?? ????? ??????","??????? ??? ?? ????? ??? ????? ??? ??? ?? ????"
150,"um, leigh was actually valedictorian.","??? ?? ???? «??» ????? ????? ???","??? ?? ?? ???? ?? ??????? ???"
151,what are we saying?,?? ????? ???????,?? ??????? ?????
152,ah! spicy! spicy!,! ????! ????,"??? ??? ???"
153,"it's giving me incredible high-resolution images,",?????? ???? ? ?? ??????? ???? ?? ??????? ???????,"??? ????? ?? ?? ?????? ?????????? ?? ???? ???? ?? ????"
154,i bet anxiety would have a really good plan...,??? ??????? ??? «??????» ????? ??? ???? ??? ??????????? ??????,??? ?? ???? ?? ?????? ?? ???? ??? ????...
155,"plus, we followed our new","????? ?????? ?????? ??? ??? ??","????? ?? ???? ?? ?? ??? ??????? ????? ?????"
156,"joy, the only way out is up.","????? ???? ??? ???? ?? ??? ??????","???? ???? ??? ???? ???? ???"
157,that's a really judgmental question. [ mel ] yeah.,????? ?????? ??? ??????? ???- ???-,??? ????? ?? ???? ?????? ???
158,"she's doing her thing, man.",???? ???? ?? ?????? ???,"??? ??? ????? ?? ???? ????"
159,"okay, good.",???? ????,"??? ????"
160,black improvisational music.,??????????? ??????,?????? ????? ????
161,i said turn around.,???? ????,?? ???? ?????
162,and it feels like you're in another place?,????? ??????? ??? ??????? ??????,? ????? ?? ??? ??? ???? ?? ?????
163,it was horrible.,????? ???,???? ??????? ???
164,i'm just supposed to make sure you don't die.,?? ??? ????? ????? ?? ?? ?? ????????,?? ??? ???? ????? ???? ?? ?? ??? ????
165,are you okay?,???? ?????,???? ?????
166,scarecrow is up.,????? ???? ??,????? ??? ???? ???
167,so what do you think you'll do?,??? ?????? ????? ???????,?? ??? ?? ???? ???? ?? ?????
168,"and then i tell anxiety, ""hey, don't worry so much anymore.""",???? ?? ?????? ????? «???????? ??????? ????? ????»,"? ??? ?? ?????? ?? ????? « ??? ???? ????? ????»"
169,so send them out with just a little bit...,…?? ?????? ???????,?? ??? ?? ?????...
170,i think i'm speaking for all the jerrys when i say thank you.,?? ?? ??? ??? ???????? ????? ?? ????? ???? ???,??? ?? ??? ???? ????? ???? ?? ??? ?? ???? ??? ??? ?? ??? ?? ???
171,let's go!,! ??? ????,???? ????
172,i don't know.,. ???????,??? ????
173,"um, this is one of the happier pieces.","???? ??? ?? ???? ??? ??? ?",??? ??? ?? ????? ????? ???
174,we're going!,???? ?????,????? ?????
175,that she doesn't force me to do.,???? ?? ??? ??? ???????,?? ?? ??? ????? ?? ??? ??? ??? ???
176,who? you mean the guy from the bar?,??? ????? ??? ?????,??? ?????? ??? ??? ?? ?????
177,"back up, back up, back up!","! ??? ???? ??? ???? ??? ???","?????? ?????? ?????"
178,you can bite.,?? ?????? ??? ????,?? ???? ??? ?????
179,because you have no purpose!,??? ??? ???? ?????,??? ??? ??? ???? ??????
180,"[ sobs ] wait. no, he-- no, he--","…??????. ??,??? …??,???","??? ??? ??? ???... ??? ???..."
181,how?,?????,?????
182,patrol finds you passed out behind the wheel of your own car,??? ?? ?? ????? ????? ??? ?????? ??????,?????? ????? ?? ??? ?? ??? ??? ????? ????? ?????? ???? ???
183,joe! who's ready to go home?,! ?? ?? ???? ???? ?? ???? ????? ??,"??? ?? ??? ???? ??? ?? ???? ?????"
184,both hands. both hands.,?? ??? ?? ???,"?? ?? ???? ?? ?? ???"
185,terry's got this under control. i'll handle it.,??? ????? ??? ????? ??????,"??? ??? ?? ????? ?? ???? ?? ??? ??? ?? ????? ?? ???"
186,"with a nice pass over to reeves,",?? ??? ????? ????? ??????,"?? ????? ???? ?? ??? ????"
187,you ready?,?????????,???????
188,yes!,????,???
189,glad to see boy band island finally broke up.,???????? ?? ????? ??? ????????? ??? ?? ?? ?????,??????? ????? ??? ???? ?????? ??????? ?? ?? ??? ???
190,she's having a great time.,???? ???? ??? ??? ???????,?? ??? ???? ?? ????
191,i feel terrible.,?? ???? ??? ????,????? ???? ?? ???
192,"look, i was-- i was-- we were talking. i'm sorry.","…????,?? …??. ?? ?????? ???? ????????. ?? ??????","????? ?? ????? ?? ????? ?? ?????? ??? ?? ????? ??????"
193,"that would be april 20th, 1987.",???? ????? ????,?? ????? ???? ???
194,"listen to me, okay?","?? ?? ??? ??,?????","?? ???? ??? ??? ?????"
195,"i know you, sadness.",?? ????????? ??,"?? ?? ?? ?? ?????? ??????"
196,we had to motivate her properly.,???? ??? ??? ?????? ????????,???? ?????? ???? ?? ?? ?????
197,"please, just do it quickly and quietly.",?????? ???? ? ?????? ?????? ???,"????? ??? ???? ? ???? ?????? ???"
198,hmm.,???,??
199,how are you driving?,???? ???? ????? ??????,?????????? ??????
200,"but i know a lot less about manual 28, chapter seven,","???? ?? ???? ????? ?? ??? ???? ?? ????? ??? ??????? ?? ???????? ??","??? ?? ???? ???? ?? ???? ?????? ??? ??? ???? ?? ?????"
201,that son of a bitch came to me.,???????? ???? ?? ????,??? ????? ???? ????
202,you feel less joy.,????? ????? ???? ????,????? ??? ????? ?? ????
203,where all the bad memories are.,???? ?? ???? ?????? ?? ??? ????? ???,??? ?????? ?? ??????
204,"javi, we've got to help.","???? ???? ??? ????","????? ???? ??? ????"
205,what the heck is that?,??? ???? ???? ????,??? ????
206,i'm riley.,?? ????? ????,?? ???? ????
207,"81, that is not helping.","????? ??? ??? ??? ?????? ????????","??? ??? ??? ??? ???"
208,"fear, you have a parachute?","???? ??? ???? ?????","???? ??? ?????"
209,22! - what did you just say?,! ?? - ?? ????? -,???? ?? ?????
210,we'll need to stay weather-aware,…???? ???????? ??? ????,???? ??? ?? ???? ?? ??? ??? ?????
211,okay. 2:00 p.m. that's in... -six minutes.,"…???????? ???? ? ???. ???? - ??? ????? ???? ????? -","????? ???? ???? ?? ??? ?? ????? ???"
212,kate!,! ???,???
213,otherwise go take-,…? ????,?? ??? ??????? ???
214,"oh! - hold on, y'all.",! ??? - ??? ???? -,"???? ??? ??? ??? ???"
215,and i do not like her actions.,???? ?????,? ?? ????? ?? ?? ???? ?????
216,cool.,????,?????
217,"fine, we'll get the suit off the rack somewhere.",???? ?? ????? ?? ?? ? ????? ?? ??????? ?? ????????,"????? ???? ?? ??? ?? ?? ???? ???? ????? ???????"
218,coach roberts isn't gonna be our coach next year.,"???? ??????? ??? ??? ???????? ??????",???? ?????? ??? ??? ???? ?? ?????? ???
219,tell them it's the same stuff they use in diapers. hmm.,????? ??? ???? ?????? ?? ??? ???? ??????? ?????,????? ???? ?? ?? ??? ???? ???? ????? ??????? ?? ????
220,almost didn't recognize him with the haircut.,?? ??? ??? ??? ????? ???? ????????,?? ?? ?? ????? ?? ????? ??? ???
221,come on!,! ??????,????????
222,a rogue emotion has taken over headquarters.,?? ????? ???? ???? ???????? ?? ????? ????,?? ??? ?????? ?? ?? ????? ???? ???
223,the ruling class's core curriculum stifles dissent.,?????? ?????? ?? ???? ????? ????? ????? ?? ????? ?????,?????? ???? ???? ???? ???? ?????? ????? ?? ??? ?? ???
224,stop that. no.,?? ?? ??,"??? ?? ????? ??? ??"
225,"yo, come on, man.","??? ??? ???? ???","??? ??? ???? ???"
226,of course.,?????,?????
227,"all right, hold on.","???? ??? ?????","???? ??? ??? ??"
228,one's gonna die out.,??????? ???? ???? ?????,??? ?? ????? ??????
229,what?,???,???
230,to make all this go away.,?? ??? ???? ?? ??? ???,???? ????? ??? ??? ????? ?? ??? ????
231,and we used to feel lucky if we could get you to wear pants.,? ???? ?????? ????? ??? ????????,? ?? ??? ???? ????? ??? ???????? ??? ?? ???????? ????? ??????
232,forensics is going over it at the impound lot.,??? ??? ????? ??? ??????? ???? ??? ????? ?????,????? ?????? ??? ?? ?? ???? ? ???? ??? ??????
233,"all right, come on, cairo!","! ???????? ??? ?????","???? ??? ??? ??? ????"
234,"we're okay. - yeah, we're good, man.","??????? ???? - ???? ????? ??? -",?????? ???? ??? ?????? ????
235,val is leading us into their holy inner sanctum!,??? ???? ?? ?? ?? ???? ????? ???????? ??????,??? ?? ?? ?? ????? ???? ???? ????? ?? ???
236,"[ chuckles ] well, that'd be cool. right?",??? ??? ????? ????,"???? ??? ???? ?? ??? ??????"
237,riley will never be herself,??? ??? ?? ???? ?? ???? ???????? ??????????,???? ???? ???? ??? ???
238,you'd have to shower in the lake.,????? ???? ??? ???? ??? ?????,?? ???? ?? ?????? ??? ???
239,that some cop has to come and tell her that her kid is dead.,???? ?? ???? ????. ???? ? ???? ?? ???? ????,?? ?? ???? ???? ????? ? ?? ?? ????? ?? ?????? ???? ???
240,you got all his money and you ran away.,??? ?????? ??????? ? ?? ????,?? ??? ???? ?? ????? ? ???? ????
241,yeah. sapulpa. couple hours from here.,"???? ?????? ??? ???? ?? ????? ????? ????","???? ??????? ??? ???? ?? ????? ????? ????"
242,"after graduation, i went back to miami.","??? ?? ????? ???????????? ???? ?????? ?????",?? ?? ???? ???? ??????? ??? ?? ????? ??????
243,"what's up? what's goin' on, man?",?? ????? ?? ??? ?????,"????? ???? ?? ????? ?????"
244,"hey, hey, hey, stay outta there.","??? ??? ?? ????? ???? ?? ????","??? ??? ??? ?? ????? ????? ????"
245,"but this time, just sit there, get the cut, and get out.",??? ??????? ??? ???? ? ?????? ????? ?? ? ??? ?????,"??? ??? ???? ??? ???? ?????? ????? ?? ????? ? ????? ???"
246,to what?,?? ???,?? ???
247,do not get on that ship. -uh...,???? ??? ???? ???,???? ???? ?????
248,it's why you're here.,???? ????? ???????,????? ???? ?? ????? ????
249,we even got braces with extra rubber bands!,???? ???????? ?? ????? ? ?? ????? ????? ???????,?? ??? ?????? ???? ?? ???? ??? ????? ?? ?????
250,you know what to do.,?????? ????? ???,?? ?????? ???? ???? ????
251,mmm. mmm-hmm.,???,?? ?? ??
252,your father's out. i need to get out of here too.,???? ??? ??? ???? ???,"???? ????? ?? ?? ???? ?? ????? ????"
253,"as you once believed in me, i will now believe in myself.","? ???????? ?? ?? ?????? ??? ???? ????? ???? ?? ???? ?? ???? ???? ????? ????","???? ??? ?? ????? ?? ?? ????? ??????? ?? ?? ????? ?? ??? ????? ????? ????"
254,"leigh, what is wrong with you?",«??» ?? ????,"??? ????? ????"
255,jovan?,??????,??????
256,i walk outta here or he dies.,?? ?? ????? ???? ?? ??????,?? ?? ????? ????? ???? ?? ?? ??????
257,i seriously doubt that.,????? ?? ???? ?? ????,?? ????? ?? ??? ???? ?? ????
258,we ran into you guys! -huh?,??? ?? ????? - ???? -,?? ?? ??? ????????
259,"but if we don't make the team,",??? ??? ??? ??? ????,"??? ??? ??? ??? ?? ????? ? ?????"
260,i don't know who you think i am.,??????? ??? ?????? ?? ????,??? ???? ??? ?? ???? ?? ?? ????
261,this feels different.,?? ????? ????,??? ????? ??????? ????
262,and everything you've done for me.,? ??? ??????? ?? ???? ?? ????,? ?? ???? ?? ?? ???? ?? ????
263,oh! we use our slap shot!,?? ???? ???,"???? ?? ?? ???? ?????? ??????? ?? ????"
264,we were a couple of foster system rejects.,????? ??? ??? ?? ????? ???????????? ?????,?? ??? ??? ?? ?? ????? ??????????? ?? ?????
265,me can't do it today.,?? ?????????,?? ????? ??????? ??? ???? ????
266,how you doing? - you're the owner?,??????? ?????? - ???? ??????? -,?????? ??????
267,someone bumped him.,??? ???,?? ??? ?? ?? ???? ??
268,huh?,????,???
269,don't let it get me! please!,! ???? ?? ?? ????! ????? ??????,"????? ???? ??? ?????? ????"
270,"and he was going crazy, i didn't.",? ???? ??? ?????,"? ??? ???? ?????? ?? ??? ??? ?? ?????"
271,their destiny is not ours to change.,?? ????? ????? ?????? ???? ??????,?????? ????? ???? ????? ??? ?? ????
272,i can't breathe!,???????? ??? ????,??????? ??? ????
273,my mistake.,?????? ?? ???,?????? ?? ???
274,sully. - yeah?,???? - ???? -,"????? ????"
275,"well, the government calls it 6:30.","??? ???? ???? ???? ?:??","??? ???? ??? ?? ???? ? ? ?? ?? ????"
276,"oh, that michigan girl","???? ??? ???? ?????????","???? ??? ???? ?????"
277,don't worry about it.,????? ?????? ???,?????? ????
278,"no, no, no, you don't understand.","??? ??? ?? ?? ????? ?????","??? ??? ??? ?? ???????"
279,sapulpa.,??????,??????
280,there's a shelter down there! come on!,! ?? ??????? ??? ????? ???! ????????,"?? ??????? ??? ??????? ????????"
281,"what are you doing out here, man?",????? ?? ??? ?????? ????,"?? ????? ????? ????? ?? ???? ????"
282,"tyler, tornado's on the move. - okay.","?????? ?????? ???? ???? ?????? - ??????? -","?????? ??????? ???? ???? ?? ???? ????"
283,appearing in a form your feeble human brain can comprehend.,?? ???? ???? ???? ?? ??? ???? ??? ????? ?? ????? ???? ???,???? ??? ?? ???? ?? ?? ??? ???? ??? ?? ????? ?????
284,"hey, mrs. carter.",???? ???? ?????,"??? ???? ?????"
285,let's get out of here.,??? ????,?????? ?? ????? ????
286,"yeah, well, you've seen the worst of this place.","???? ??? ?????? ?????? ????? ?? ????","???? ???? ??? ?????? ???? ??? ??? ?? ???? ???"
287,"so when i found you,",?? ???? ????? ????,"?? ???? ??? ?? ?????"
288,"look, i'll meet you at the half note.","????? ?? ??? ?? ??? ???????","????? ?? ?? ?? ???? ??? ?????? ?? ???"
289,none of this will actually happen.,???????? ?? ??? ??????? ????????,??? ???? ?? ??? ????? ????? ??? ????
290,enhance 224... 176.,?????? ??????? ?? ??? ? ???,"???? ??? ?? ???? ???"
291,because they've never left ridgefield?,??? ???? ?????? ?? «???????» ????? ??????,??? ???? ??????? ?? ??? ????? ????
292,i can't be truthful with you.,????????? ????? ???? ????,??????? ?? ?? ?? ????
293,"please? yeah. lumpy's brother was supposed to,","????? …???? ????? «?????» ???? ??? ?????","????? ???? ????? ????? ???? ??? ??? ?? ?????"
294,"ooh, yeah! right? 'cause she's... maybe?","???? ???! ???? ??????? …??? ???? ???","???? ???? ?????? ??? ???... ?????"
295,just don't get caught.,??? ??? ????,??? ??? ?????
296,do you have anything to say about that?,???? ???? ???? ??????,???? ???? ?? ?? ??? ???? ????
297,you ever wonder...,…?? ???? ????? ???? ???,?? ???? ??? ?? ??? ??? ???...
298,yes.,???,???
299,"oh, yeah. cool.","????? ????","???? ???? ?????"
300,mm-hmm. yep. y'all missed a big one. look.,"?????? ??? ?? ????? ?? ?? ??? ?????. ????","??? ???? ??? ??? ??? ???? ?? ?? ??? ?????? ???? ????"
301,it was never gonna work.,????? ????? ???? ???,??? ??? ??? ?????? ??? ???
302,what's going on?,???? ????,?? ?????? ???????
303,the model projects it's heading into maryland.,????????? ????? ???? ????? ??? ??????,??? ???? ?? ??? ?? ?? ??????? ?? ???
304,no? then it's the same as the other ones.,??? ?? ?? ???? ???? ?????,??? ?? ??? ???? ???
305,does this gig have a pension? health insurance?,??? ???? ???? ????????? ????? ???? ???????,??? ??? ????????? ????? ???? ???????
306,"but the school would like to help jason process, and--","??? ????? ???? ???? ?? …?? ???? «?????» ??? ???,?","??? ????? ?? ????? ?? ????? ??? ???? ?..."
307,over!,????,???? ???
308,oh.,???,???
309,i'm sorry for all of us.,???? ??? ???? ??????,?? ???? ??? ?? ??????
310,know her name. -ew.,???? ?? ????,???? ?? ???????
311,riley paints her nails to match her jersey.,????? ??? ????? ?? ?? ????? ?? ??????,???? ???? ???? ?? ?? ???? ?? ?? ???? ?? ?????? ???? ???
312,"""not ready yet""?",«???? ????? ?????»,« ???? ???? ????? »
313,hi.,????,????
314,ah! -we gotta say something.,?? - ???? ?? ???? ???? -,"??? ???? ?? ???? ??????"
315,i mean no. i...,"…???? ??? ??","?????? ??? ??..."
316,it's time.,?????,?????
317,"and bringing up the rear,",…? ?? ???,"? ??? ?? ???? ?? ????"
318,"just one moment, please.",??????? ????,"??? ?? ????? ????"
319,behind the tornado and plant his radar,…????? ??? ?????? ? ?????? ??,??? ?????? ? ????? ??? ??
320,i told you we didn't need her.,??? ???? ??? ????? ??????,?? ??? ???? ?? ?? ?? ????? ??????
321,riley is still exceptional.,????? ???? ?? ?????????,???? ???? ???????? ???
322,"yes, you can.","???? ?????","???? ???????"
323,"come on, kate. you got this.",?????? ??? ?? ??? ??????,"????? ???? ????? ???"
324,imbecile.,????,?? ??????
325,to load the updraft.,?? ????? ????? ?? ?? ??? ????,???? ??? ????? ???? ????? ???
326,"we had an agreement, right?",?????? ??????. ?????,"????? ??????? ??????"
327,all right. then let's do it.,. ???? ??. ?? ??? ?????? ?????,"????? ???? ?? ?????? ?????? ????"
328,and the answer is yes.,????? ??????,? ???? ??? ???
329,it's a health and fitness trade show...,?? ???? ?????? ? ?????? ???????,??? ?? ???????? ?????? ? ???? ???...
330,"please, please.",????? ??????,"????? ????"
331,"i mean, what, are you thinking of a career change, or, uh--",?????? ???? ?? ?? ???? ?? ?? ????? ??? ??? ?????? ?? …?,"?????? ???? ??? ??? ???? ?? ?? ????? ???? ?? ??? ?? ???? ??? ??..."
332,we gotta hail a cab. hold your hand out.,?? ???? ????? ?????? ???? ?? ???? ??,"?? ???? ?? ????? ?? ??? ???????? ???? ?? ??? ??"
333,we can't stay here. - there!,????????? ????? ?????? -! ????? -,???????? ????? ??????
334,you did great. we love you.,???? ???? ??? ??????,"???? ???? ???? ?? ????? ?????"
335,"hey, dorothea.",?? ??????,"??? ???????"
336,"i can do it. - stay low! no, no, no, no, no!","?? ??? ?????? -! ????? ????! ??? ??? ??? ??? ?? -","?? ?????? ??? ???? ???? ??? ??? ??? ??? ??? ??"
337,hold on!,???? ????,??? ??
338,"you have to score, riley!",???? ????? ??? ?????,"???? ?????? ?????? ????"
339,"some of it's not as boring as it is at the you seminar,",???? ??? ?? ?????? ?????? ??? ????????? ????,"???? ?? ??? ????? ?? ?????? ?? ?? ?? ?????? ??? ????? ?? ???? ???? ????? ???????"
340,this one's different!,! ??? ??? ??? ?????,??? ??? ?????? ???
341,"look, if, if, if there is a fine",????. ??? ????????,"????? ???? ???? ??? ?? ????? ???? ????? ????"
342,"wait, what? are you serious?",????? ??????,"??? ??? ??? ??? ?????"
343,"well, me and him get arrested one more time,",??? ?? ? ??? ?? ??? ?????? ????,"??? ?? ? ?? ?? ??? ???? ?????? ??????"
344,yeah.,???,???
345,i'm not good enough.,?? ?????????,?? ??? ?? ?????? ???? ?????
346,new lifeguard. yep.,. ????????? ??? ???,"????? ???? ?????? ???"
347,"the girl i know, she'd be going into the storms",??? ????? ?? ?? ???????? …?? ???? ?? ???? ???? ??????,"????? ?? ?? ?????? ?? ??????? ???? ?? ????"
348,fucker!,?????,?????
349,"no, i don't remember.",??. ????,"??? ???? ?????"
350,she wasn't there when it happened. she was probably at the pool.,". ???? ????? ?????,??? ????? ????. ??????? ?? ????? ????","???? ?? ??? ????? ?????? ????? ???? ? ???? ?? ?? ???? ????? ???"
351,to become a fire hawk.,?? ???? ?? ?????? ?? ??? ??,???? ????? ??? ?? ?? ??????? ??? ????
352,"let's go, baby.",???? ?????,"????? ?????"
353,i need to get the fuck out of this town.,???? ???? ??? ?????. ??? ?????,?? ???? ?? ??? ??? ????? ????
354,or walking. i'm really good at walking.,?? ??? ???? ???? ??? ??? ???? ????,"?? ??? ????? ?? ????? ?? ??? ???? ??? ????"
355,how may i direct your call?,?? ?? ??? ??????,????? ?? ????? ???? ??? ?? ????? ????
356,maybe you could just stay in one place.,???? ???? ???? ?? ?? ??? ???,???? ?????? ??? ?? ?? ?? ??????
357,what? who sent that projection to riley?,??? ?? ??? ????? ?? ???? ????? ????? ????,??? ?? ??? ????? ?? ?? ???? ???????
358,where's the other detective?,??????? ???? ??????,????? ???? ??????
359,you got to quit eating chocolate in the damn truck.,"???? ????? ??? ?????? ????? ?????",?? ???? ???? ????? ????? ??? ?????? ????? ?? ?????
360,"because he wouldn't listen,",…??? ??? ?????,"???? ?? ??? ??? ????"
361,never mind.,???????,???? ??? ????
362,i'm sorry.,??????,??????
363,i'll come.,. ??? ????,?? ????
364,in this town of all places?,?????? ??? ????,?? ??? ??? ?? ??? ?????
365,"my team sets up two more, here and here.",???? ???? ????? ???? ????? ? ????? ??? ???????,"??? ?? ?? ?? ???? ???? ?? ????? ?? ???? ????? ? ?????"
366,it's so embarrassing.,. ??? ???? ????? ????,???? ?????? ????? ???
367,you'd never be able to get it close enough.,????? ????? ?????? ?? ?????? ???? ?? ?????? ?????? ???,???? ??? ??????? ?? ?????? ???? ?????? ???
368,"""how to recall non-memory objects""",??? ? ? ????? «?????? ?????,???? ????? ??? ????? ?? ?? ??? ????????
369,"hey, ben, i'm gonna need you to hand me","…?? ??? ????? ?? ??? ????????","??? ??? ?? ?????? ?? ?? ?? ?? ??? ???"
370,"how you been, mr g?",?????? ????? ???? ???,"?????? ?????? ???? ???"
371,ah! this is amazing!,??! ??? ??? ?????????,"??? ??? ???? ????? ???"
372,what are you doing?,?? ??? ???????,??? ???? ?? ?????
373,"so, uh, how do they get to earth, then?",…?? ????? ?? ???? ?????,"??? ??? ???? ?? ???? ?? ?????"
374,now get in.,???? ??? ????,???? ???? ????
375,you're not gonna hurt him?,?? ?? ??? ???? ????????,?? ??????? ??? ??? ????
376,"you got a little newborn, right?",?? ??? ????? ?????,"?? ??? ???? ????? ??? ????? ??????"
377,i'm cured. i'm cured.,?? ??? ??? ?? ??? ???,"???? ????? ???? ????"
378,he's that jovan guy.,??? ???? ???? ????,??? ??? ??? ? ??????
379,"be quiet. - dude, i fucked this up so bad.",???? ??? - ????? ??? ??? ??? -,"???? ??? ????? ?? ??? ???? ???? ????"
380,it's okay.,???? ????,???? ????
381,"two, three, four.","??? ??? ????","??? ??? ????..."
382,"what's that mean? -""forgot.""",???? ??? - «????» ?????? ??? -,??? ?? ?????? ?????
383,she's currently in tokyo with her sister.,???? ??????? ?? ??????,?? ???? ?? ?????? ????? ???
384,"i mean, i did good.",???? ???? ??? ???,?????? ??? ??? ?? ?? ??? ???? ????
385,i can't fucking believe this.,????? ?????,?? ??????? ???? ???
386,clean this shit up.,????? ????,??? ????? ?? ??? ??
387,she'll be fine. she's okay.,????? ????? ???? ????,"???? ??? ?? ???? ???? ??? ???"
388,but heavy enough to anchor barrels in 100-mile-an-hour winds.,"??? ????????? ???? ?? ????? ??? ?? ????? ??????? ?? ??? ??? ?? ???? ??? ??????? ?? ????? ??? ????",??? ?? ?????? ? ???? ????? ??? ?? ???? ?? ?? ?? ??? ??? ? ? ??? ??????? ?? ???? ???????
389,can we not? - maybe just a little.,????? ?? ???? - ?? ??????? ?? ????? ?????? -,??? ??? ??????
390,sorry i stole your car.,?????? ?????? ?? ??????,?????? ?? ???????? ?? ?????
391,she was very happy.,??? ???? ?????? ???,?? ????? ??? ???
392,"well, she just knows everything, doesn't she?","??????? ????? ??? ???","???? ?? ??? ??? ??? ?? ?? ????? ???"
393,i'm an irritable wallflower who's dangerously curious.,?? ?? ?? ??? ?? ?? ???? ?? ????? ???????,?? ?? ????? ?????? ? ?? ??? ??????? ?????? ????
394,i thought you were gonna say the time we peed in the pool.,??? ??????? ??????? ????? ?????????? ??? ????? ?? ????? ???,??? ?? ???? ???? ?? ????? ?? ?? ???? ?? ?? ?? ????
395,you gonna transfer the money so she can live?,??? ?? ?????? ???? ?? ???? ??????,??? ??? ?? ?????? ?? ???? ?? ?? ?????? ???? ??????
396,we need a 40-foot trailer that's light enough for a pickup,?? ????? ?? ???? ???? ????? ????????? ???? ???? ????? ??? ???,?? ?? ?? ????? ? ???? ???? ????? ?? ???? ?? ?????? ???? ?? ?????? ???? ??? ????
397,"better be careful, man. you pass out like that in vermont, you froze in the snow.",???? ????? ???? ????? ???? ?? ??? ???? ???? ?? ????? ??? ?????? ??? ??? ???????,"????? ????? ???? ???? ?? ?? ?????? ??????? ?? ???? ?? ?? ?? ??? ??? ??? ????"
398,i think you need to step in and counsel her.,?????? ?????? ??? ? ????? ???? ???,??? ?? ??? ???? ??? ???? ??? ???? ????? ? ?? ?? ?????? ?????
399,no. are you sure?,??- ??????? -,"??? ???????"
400,"and a best friend's wedding before you're invited,",? ?????? ???? ????? ?? ???? ?? ?????,"? ?????? ?????? ???? ??? ?? ????? ??? ???? ?????"
401,miss kamen?,???? ????,???? ??????
402,i freaked out.,?? ??? ?????? ???,?? ???? ??? ???
403,"and when i finally caught up with her,",…? ???? ??? ?????,"? ???? ??????? ?? ?? ??????"
404,whoa!,???,???
405,"no, i mean, you know,",??. ????,"??? ?????? ??? ???? ?? ??????"
406,now it's your turn.,???? ???? ?? ??,???? ???? ?????
407,the count hasn't been off in centuries.,??? ???? ?? ????? ????? ??????,??? ???? ??? ??? ??? ?? ?? ???? ????? ???
408,am i saying it right?,???? ?????,???? ???? ??????
409,6:30? you serious?,?:?? ????,?? ? ???? ??? ?????
410,what is your position on pizza?,???? ?????? ????? ????,???? ?? ???? ???? ????
411,"let's just, you know, do whatever.","? …??? ???..? ?????? ?? ??? ?????? ???",?????? ?? ???? ?? ?????
412,"like me? as in, alive?","??? ??? ????? ?????","??? ??? ????? ?????"
413,log into your account,???? ????? ??,?? ????? ????
414,hold it right there!,???? ??????,????? ???? ?????
415,"oh, no. what did i do?","??? ??? ??? ?? ???? ??? ?????","???? ??? ?? ???? ?????"
416,i remember really well.,. ?? ???? ??? ???? ????,???? ??? ???
417,"you know, i'm comfortable up here.","??????? ?? ????? ?????","?? ????? ?? ?? ??? ???? ???? ????"
418,"um, i-if somebody had an animal...",…??? ??? ?? ?????? ????,"??? ?? ??? ??? ?????? ????? ????..."
419,"um, just, absolutely, um.",????,"??? ???? ?????? ??"
420,come on!,????,????????
421,tell robert he's out. for now.,?? ????? ???? ??? ???,?? ????? ??? ?? ???? ????
422,"you're in the cat? - wait, wait, that's my body.","?? ??? ???????? - ?????? ?????? ??? ??? ??? -","?? ??? ???? ????? ??? ??? ??? ??? ??? ??? ???"
423,ugh! you're always on me!,??! ???? ?? ????,"???? ?? ????? ??? ?? ????"
424,i'll gather all the necessary provisions...,…?? ??? ????? ???? ???? ?? ??? ??????,?? ??? ? ??????? ???? ?? ??? ?? ???...
425,and i've never seen anything that's made me want to live.,? ?????? ??? ???? ????? ?? ????? ??? ???? ?? ????? ???? ????,? ?? ???? ???? ????? ?? ?? ???? ??? ?????? ???? ?????
426,"every messy, beautiful piece of her.",???? ????????? ????????? ? ????? ??,"?? ??? ?? ?? ??? ?? ??? ?? ?? ??? ??????"
427,it's child abuse is what it is.,??? ???? ???? ?????,??? ?????????? ?? ?????? ???
428,the fire hawks have accepted us.,"??????? ???? ?? ?? ???????",??????? ??? ??? ?? ?? ??????? ???
429,it's recommended for someone in your state.,???? ??? ?? ????? ??? ??????? ????,???? ??? ?? ?? ????? ??? ????? ?? ??? ????? ?? ???
430,i did it. i got the gig. yes!,"???????? ?????? ???! ???","?? ??? ??? ?? ????? ???? ?? ?????? ???"
431,land! yes! -yes!,???? - ???? -,"????? ???? ???"
432,"come on, now. - nope, nope, nope.","?????? - ??? ??? ?? -","??? ??? ??? ??? ???"
433,"one night he showed up on my doorstep,",?? ?? ???? ?? ?? ???????,"?? ?? ??? ?? ???? ?? ?? ?? ??????"
434,"no, no, no, man. she don't play that.","??? ??? ??? ??? ??????? ????? ???? ???","??? ??? ??? ???? ??? ??? ?? ??? ?????"
435,"oh, pouchy!","???? ??? ????","???? ????"
436,i've got the photos of the damage done to your car.,?????? ????? ???? ??? ?? ???????? ????,?? ??? ??? ?????? ?? ?? ????? ??? ???? ??? ?? ?????
437,"run your experiment, see if it works.",??????? ?? ???? ?? ???? ???? ????? ?? ??,"??????? ?? ????? ???? ????? ?????? ???? ?? ??"
438,it's the space between the physical and spiritual.,??? ???? ??? ?????? ? ???????,??? ??? ???? ?????? ? ???? ???
439,go home!,! ???? ???? ?????,?? ???? ???
440,does this mean i'm dead?,??? ???? ?? ?????,??? ???? ?????? ?? ?? ???? ???
441,i bet you're the best,??? ??????? ?? ???,??? ?? ???? ?? ?? ?????? ????
442,i respect you so much.,?? ???? ???? ?????? ?????,???? ?? ??? ?????? ?? ????
443,disrupting tornado dynamics.,????????? ??????? ??????,?? ??? ??????? ??????? ????? ???? ???
444,but someone might need help.,??? ???? ?? ??? ?? ??? ???? ????? ????,??? ???? ??? ?? ??? ??? ???? ????? ????
445,sarah adopted this kid.,???? ??? ??? ?? ?? ???????????? ?????,???? ??? ??? ?? ?? ????? ?????? ???
446,"come on. come on, come on!",????. ????,"???? ???? ???? ???"
447,thought college might be better for my brain.,?? ???? ???? ???? ???? ????? ??????? ???? ???? ????,??? ?? ???? ?? ??????? ???? ???? ???? ???? ????
448,"anyway, i never got my spark.",?? ?? ??? ?? ??? ??? ??????? ?? ???? ?????,"??????? ?? ??? ??? ???? ?? ?? ??????"
449,"and that means we hit the ice early,",? ??? ???? ???? ????? ?? ???? ???? ?????,"? ??? ???? ?????? ?? ????? ?? ?? ??????"
450,hungry?,????? ??????,????? ????
451,everybody act regular. it's valentina ortiz.,. ???? ???? ????? ???? ???????? ???????,"??? ???? ????? ?? ????? ??? ?????????? ????? ???"
452,"look, i know you love playing.","????? ????? ?? ???? ???????","????? ?? ???? ?? ???? ????? ???? ????"
453,"i mean, not that it matters at this point,",?? ?? ???? ??? ????,"?????? ??? ??? ??? ?? ??? ?? ?? ??? ???? ????? ?????"
454,i'm sarah. - rebecca.,?? ????? - ???? -,?? ???? ????
455,riley!,?????,????
456,i'm not good enough at all.,?? ???? ??? ?????,?? ???? ??? ?????
457,i only do what she makes me do.,??? ???? ?????? ?? ?????? ???,?? ??? ???? ?? ????? ?? ??? ?? ?? ??? ????? ?? ??? ????? ???
458,"it's your time to go, joe gardner.",??? ???? ?? ??????,"????? ?? ????? ?? ??????"
459,"joy, i'm doing this for you!","????? ???? ??? ??? ?? ??????? ?? ??????","???? ?? ??? ??? ?? ???? ?? ?? ???"
460,"no, no, no. we've got to drop the barrels in its path.","??? ??? ??. ???? ??????? ?? ??? ???? ?????? ???????","??? ??? ??? ???? ???? ?? ?? ?? ????? ??? ????"
461,and orange?,??? ????? ?????? ????,? ???????
462,but what... what filled in the last box?,…??? ?? ?? ??? ??? ?? ?? ????,??? ??... ?? ????? ???? ?? ?? ?? ????
463,"thanks, coach roberts.","?????? ???? ??????","??????? ???? ??????"
464,could you help us get out of here?,????? ??????? ??? ?? ????? ???? ?????,?? ???? ?? ?? ??? ??? ?? ?? ????? ?????
465,"all right, let's not get distracted.","???????? ???????? ??? ???","????? ???? ?????? ??????? ?? ??? ?????"
466,"kate. here, take some food.","??? ???? ?? ???? ??? ???","???? ?????? ?????? ??? ????"
467,i've been waiting my whole life for this very moment.,?? ?????? ?? ????? ??? ???? ????,?? ???? ???? ?? ???? ???? ???? ??? ???? ??
468,likely scenarios.,????????? ??????? ?????,????????? ?????
469,he fucking shot me!,??? ???? ???,??? ??? ???? ???
470,"the one, the only...",…????? ??????,"??? ??? ??? ??..."
471,tomorrow is everything.,???? ??? ???? ?????,???? ??? ??? ???
472,when your expectations are so high.,??????? ???????? ???? ????,???? ?? ???????? ??? ???? ????
473,"yes, ma'am.",???,"???? ????"
474,no.,??,??
475,mm-hmm.,?????,?? ??
476,no. no. no.,"??? ??? ??","??? ??? ??"
477,okay. - thank you.,??????? - ????? -,"????? ???? ??????"
478,love you. - love you.,????? ???? - ??? ????? ???? -,????? ????
479,"no. i've gotta find it here, on earth.",?? ?? ???? ????? ????? ??? ??? ????,"??? ???? ??? ?? ????? ???? ???? ??? ????"
480,"how you doin'? hi, rick. how are ya?",?????? ??????? «????» ??? ??????,"???? ?????? ???? ???? ???? ??????"
481,uh-oh!,??? ???,??? ???
482,"anxiety has got you all chained to desks,","??????? ??? ?? ?? ??? ????? ?? ? ????? ????","?????? ??? ??? ?? ?? ????? ????? ?????"
483,"once you get a lawyer,",???? ???? ?????,"???? ?? ????? ???? ?????"
484,"oh, yeah. or that.","???? ??? ?? ?????","???? ???? ?? ???"
485,let's hold off on any alerts.,????? ???? ??? ?????? ???? ?????,?????? ?? ?????? ?? ??? ?????
486,smash as many as you can! -joy!,?? ???? ?? ???????? ?????????? - ???? -,?? ???? ?? ?? ????? ???? ????
487,"okay, we should, um...","…???????? ????","????? ???? ????? ??..."
488,she going the wrong way?,???? ?????? ??????,??? ??? ??????? ?? ?????
489,we're very happy.,?? ???? ????????,?? ????? ????????
490,it'll happen.,??????,????? ?? ????
491,it's a ridiculous story.,?????? ?????????,??? ?? ?????? ????? ???
492,"so this is an ef1, perfect conditions.",?? ??? ?? ?????? ??????? ???? ?? ????? ???????,?? ??? ????? ????? ????? ???
493,she's not-- she's not staying at little jason's.,…???. ??? ?? «????? ??????» ?????????,??? ???? ??? ??????? ?? ??? ????? ?????? ?????
494,"i hope i see you, man. all right. peace.","???????? ?????? ??? ???? ??? ?? ???? ?????","???????? ????? ???? ???? ??? ????"
495,"andersen, penalty box, two minutes.","??????? ?? ??? ?? ????? ??????","???????? ????? ?? ?????"
496,he's just a little baby.,??? ??? ?? ??? ??,??? ??? ?? ??? ?????
497,"oh, wow. - see?",??? ??? - ???????? -,"???? ???? ?? ??????"
498,"hockey scholarship, here we come!","???????? ????? ????? ???? ?? ??????","??????? ????? ????????"
499,"wait, hold on.","??? ??? ?????","??? ??? ??? ??"
500,i really do.,????? ?????,????? ????
501,wow.,???,???
502,"curley! uh... no, no.","????? ???? ??? ??","????? ??? ??? ??? ??"
503,that i might be working on my life?,?? ???? ??? ????? ???? ??? ???????,?? ???? ??? ??? ?????? ??? ????
504,since you killed sully.,????? ???,?? ???? ?? ???? ?? ????
505,"which one's it gonna be, kate? - okay, i'm on it.","???? ???? ???? ???? - ???????? ???? ????? -","???? ???? ?????? ?????"
506,"oh, yeah? what happened?","???? ???? ?? ???","???? ???? ?? ?????? ???????"
507,"you know her, you love her,",????? ?? ????????? ? ????? ?????,"?? ?? ?? ?? ?????? ????? ?????"
508,"dad, stop.",???? ?? ??,"???? ???? ??"
509,is 200 miles per hour.,? ??? ??????? ?? ??????,??? ???? ?? ???? ???
510,wanna come this time? -yes.,??????? ??? ???? ????? - ??? -,?????? ??? ??? ????? ???
511,"i mean, you say that,",?? ??????? ??? ??????,"?????? ??? ??? ??? ?? ??? ?? ?? ?????"
512,you were right back there.,?? ?? ?? ???,?? ???? ????? ????
513,do you see a key?,????? ?????????,???? ?? ?? ??????
514,"the suit is wool, not polyester.",??? ???? ????? ?? ????????,???? ?????? ??? ?? ??????
515,"all right, this is the last snack.",???? ?? ??? ????? ???????,"???? ??? ??? ????? ??????? ???"
516,"you're okay, you're okay.",???? ???? ???? ????,"???? ????? ???? ????"
517,"well, i doubt it. fine.",. ???? ??????? …????,"??? ?? ?? ????? ??"
518,i... i know.,…?? ?? ??????,??... ?? ????
519,"but every year, i do a three-day skills camp.","??? ?? ???? ?? ????? ??????????? ??????",??? ?? ??? ?? ??? ????? ?? ?????? ?????? ?? ???
520,yep. sometimes the old ways are better than the new.,???. ??????????? ??????? ????? ?? ??????? ???? ??????,"???? ???? ??? ??? ????? ?? ??? ??? ???? ???? ?? ????"
521,i'm sleeping over. yes!,?? ??????? ?????? ???,"???? ?? ?????? ???"
522,"okay, take these.","???????? ??? ?? ????","??? ??? ?? ?? ????"
523,when do you want to head out?,?? ???????,?? ?????? ???? ??????
524,just--,…???,???...
525,it inhibits a storm from forming.,???? ???????? ????? ?? ???????,???? ??? ???? ????? ?? ???
526,i'm always counting. i'm counting right now.,?? ????? ???? ?????? ???? ?? ???? ???? ??????,"?? ????? ???? ?? ???? ???? ???? ?? ???? ?? ???"
527,see you at the half note at 6:30!,???? ?:?? ??? ?? ??? ???????,"???? ?? ? ???? ?? ??? ???? ?? ?? ????? ?? ????"
528,ow! -sorry.,?? - ?????? -,"???? ??????"
529,oh. hmm.,???. ???,"???? ??"
530,"i, uh, i was on my way",????? ??????,"??? ???? ????? ??? ?? ????"
531,i'm tired!,?? ???????,???? ??
532,she has no memory of the last several hours.,???? ?????,??? ????? ?? ??? ???? ????? ?????
533,"wait, wait, wait! - hey, hey, hey!","! ??? ??? ??? ??? ??? ?? -! ??? ??? ?? -","??? ??? ??? ??? ??? ??"
534,"joy, i'm just curious. maybe, um, i could help...",". ????? ???? ??????? …???? ????? ??? ??","???? ?? ??? ?????? ????? ????? ??? ?? ?????? ??? ???"
535,we'll see you in a few days. -have fun!,??? ??? ???? ???????????? - ??? ????? -,??? ??? ???? ?? ?????
536,"this has nothing to do with leigh. yes, it does, damn it!",". ??? ??? ???? ?? «??» ????? -! ???,????,???? -","??? ???? ?? ?? ?????? ???? ??? ???? ?? ?? ?????? ?????"
537,i'm gonna have to resign. no.,. ?? ???? ?????? ??? -. ?? -,"?? ???? ?????? ???? ??"
538,okay.,. ????,????? ???
539,i would die a happy man,?? ?? ????? ????? ??,?? ?? ??? ?????? ????? ???
540,"it's not good. i mean, i'm not--",??? ???? …?????? ???? ??,"??? ??? ????? ?????? ??? ??? ?? ??..."
541,"can't miss from in there. - oh, shit.","??? ?? ?????? ???? ??? ???????? - ??? ????? -",??????? ?? ????? ?????
542,he has a mom.,?? ????? ????,?? ?? ???? ????
543,how about we launch some new rockets?,????? ????? ????? ??? ?????,??? ?? ???? ???? ??? ????????
544,her sense of self.,????,?? ?????? ??? ?? ?? ???
545,stick? -yes.,??? ????? - ?????? -,??? ????? ???
546,i want you to sit down and shut up.,?????? ????? ? ??? ??,?? ?? ????? ?? ?????? ? ???? ????
547,and my personal favorite...,: ? ???? ??????????? ?? ????,? ???? ????? ? ??...
548,"yeah, i think so.","???? ?? ?? ??????","???? ??? ?? ???"
549,"oh, my god.",??? ???? ??,"???? ???? ??"
550,band is a stupid waste of time.,???? ?? ??? ????? ??? ???? ?????,???? ??? ???? ???? ??????? ???
551,come on.,??????,????
552,and then we're gonna take the sodium polyacrylate,…? ???? ???? ??????????? ??,? ??? ??????? ???? ?????????? ?? ??????
553,i'm beginning to.,????? ???? ???????,???? ??? ??? ?? ?? ???
554,"pouchy, we need to get back to headquarters.","??? ????? ???? ??????? ?? ???? ????????","????? ?? ???? ?? ???? ????? ???????"
555,no!,??,??
556,"oh, you're the one coach told us about.",?? ????? ???? ?? ???? ?????? ?? ???? ???,"???? ?? ??? coach? ???? ?? ???? ?? ?? ???"
557,but how are we gonna score three goals?,??? ???? ????? ??? ??????,??? ???? ??????? ?? ??? ??????
558,you didn't bring an umbrella?,?? ??? ?? ???? ????????,?? ??? ????????
559,it's sad.,?????? ??????,??? ?? ????? ???
560,"so, let me see, i need the suit fixed for a, uh, school band recital.","?? ???? ?????? ?? ?? ? ????? ?? ???? ????? ???? ?????? ????? ?????? ???? ???","??? ????? ????? ?????? ?????? ?? ???? ???? ???? ???? ?? ???? ?????? ???? ????? ????"
561,"hang on, hang on. what are y'all laughing at?","???????? ??????? ?? ?? ?????????","??? ??? ??? ??? ??? ??? ?? ?? ?? ??????"
562,you're right.,???? ????,?? ?? ????
563,yee-row!,! ?? ??,"???? ????"
564,it's the only way for us to know how we can do better.,??? ??????? ???????? ?????? ?? ???? ???????? ?????? ???? ????? ?????,??? ???? ??? ???? ?? ??? ?? ?????? ????? ?? ?????? ???? ??? ????
565,all right.,???????,???? ??
566,"oh, cool. where in michigan are you from?",????. ??? ???? ?????????,"???? ?????? ?? ?? ??? ??????? ??????"
567,"whew, there he is. - hey, curley.","???? ????? - ???? ????? -","???? ???????? ???????"
568,i talked to isaac. it's all good.,?? ????? ???? ???? ???? ????,"?? ?? ????? ???? ????? ??? ??? ????"
569,"hey, moonwimp!",?? ??? ????,"??? ???????"
570,i would never do anything to mess you up.,????? ???? ???? ?? ?? ??? ?? ???? ???,??? ??? ???? ??? ??? ?? ?? ?? ?????? ???
571,i'll have friends.,???? ???? ??????,?????? ????
572,for the future is meant to be seized...,???? ??????? ??? ?? ????? ?? ???? ?? ????? ???,????? ?? ????? ???? ??? ??...
573,"sadness, what's wrong?","??? ?? ????","?????? ?? ????? ????"
574,jovan.,????,?????
575,"please. lemme, just lemme live.",????? ?????? ??? ???? ???? ?????,"????? ?? ???? ?????? ??? ???? ??"
576,"yeah, those were the days.","???? ???? ??????","???? ??? ????? ?????"
577,obviously.,??????,???? ???
578,"22, you come out of this dimension right now.",????? ?? ?? ??? ??? ??? ?????! ????,????? ??? ?? ??? ??? ????? ?? ???
579,"22, stop. i have something to tell you.",????? ?? ????? ???? ?? ???? ??? ???,"???? ? ??? ???? ?? ???? ???? ???? ????"
580,i can't see it right now. i lost it.,???????? ?????? ??? ????,"???? ??????? ?????? ??? ????"
581,i mean... no.,???? ??,?????? ???? ?? ??
582,that's fancy.,??????,??? ??????
583,it's hard to see them like that.,???? ?? ??? ????? ????????,??? ??? ?? ?? ?? ??? ???? ?????
584,"okay, look, if you just tell us",???? ?? ???? ??? ??? ????? ???,"????? ????? ??? ??? ?? ?? ???"
585,"nine times out of ten, it's a false alarm.","?? ?? ?? ???? ?? ???? ????? ?????????","?? ??? ?? ?? ?? ???? ????? ?????? ???"
586,"i'm fucking bleeding, man.",???? ??????? ?????? ???,"?? ???? ??????? ?? ???? ???"
587,yeah.,???,???
588,i love our girl. -how could you not?,???? ???????? - ??? ????? ????? ????? -,?? ??????? ?? ???? ????
589,"she goes away for three days and all we get is, ""good""?","?? ??? ???? ??? ?????? ??? ???? ?? «??? ???» ??? ? ???? ????????? ??????","??? ?? ??? ?? ?? ? ??? ?? ?? ?? ????? ???? ??? « ????? »"
590,"don't look, it's fine.","?????? ?????? ???? ????","???? ???? ???? ????"
591,damn!,! ?????,?????
592,praise the lord.,??? ?? ???,?? ??????? ???? ????? ????
593,you know what? good luck...,…???????? ???? ???? ?????,?????? ???? ??? ????
594,"hey, mrs. carter! - we miss you.",! ???? ???? ????? - ?????? ?????? ??? ??? -,?? ???? ????? ?? ????? ??? ????
595,"well, about time i manned up, right? [ chuckles ]","??? ???????? ???? ?????? ???? ????? ???","??? ?????? ????? ?? ??????? ???? ??????"
596,do you know the kids who live here?,???????? ?? ??????? ????? ????? ?? ?????????,??? ???? ?? ????? ????? ?? ???? ?? ?? ??????
597,"we're truly glad to have you here, dr borgensson.",?? ????? ??????? ?? ??? ???????? ???? ????????,"?? ????? ???????? ?? ?? ????? ????? ???? ???????"
598,i actually just spoke to the lab,???? ?? ????????? ???? ????,?? ???? ?? ??? ?? ????????? ???? ????
599,"no, no, no. not on the lips.","??? ??? ?? ???? ??","??? ??? ??? ??? ?? ??? ????"
600,"hey, sorry, am i interrupting the date?",????. ??????. ????? ?????? ????,"??? ??????? ???? ?????? ?? ??? ?? ????"
601,it's not looking so good.,??? ???? ??? ????,?? ??? ??? ??? ???
602,"okay, she's got to be here somewhere. find her.",". ???????? ???? ????????? ???? ????? ????","????? ???? ?? ???? ????? ????? ????? ??"
603,awooga!,???? ?? ??????,??????
604,i'm sorry!,??????,??????
605,no! no way am i step...,…??! ???? ??? ??? ???,"??? ????? ????? ??? ????..."
606,bring it in!,??? ???,?? ?? ???? ??
607,javi. let's roll.,???? ????,"????? ?????? ???? ????"
608,"got investors, you know.",??????????? ????,"?????? ?????? ?????? ??????"
609,so do i start talking?,?? ???? ?? ??? ??? ????,?? ???? ??? ?????
610,why it was us that made it out of there?,??? ?? ?? ??? ????? ??? ???? ????? ??????,??? ?? ???? ?? ???????
611,but i don't think you realize how privileged this experience is.,??? ?? ??? ?????? ?? ?? ????? ??????? ??? ?? ????? ? ?????,??? ??? ??? ??? ????? ?? ??? ????? ?? ??? ??????? ????
612,i've had thousands of mentors who failed and now hate me.,?? ?????? ???? ????? ?? ???? ?????? ? ???? ?? ?? ??????,?????? ???? ????? ?? ?? ???? ?????? ? ???? ?? ?? ???????
613,"i'm looking at a tall rope due north of us,",…?? ?????? ????? ?? ???? ?? ???? ????,"?? ?? ?? ???? ???? ?? ???? ?? ?????"
614,ow!,??,???
615,"tell her no. - uh, no.","??? ??? ?? - ???? ?? -",??? ??? ??
616,to keep you as a baby forever.,?? ?? ?? ?? ????? ??. ??? ??? ????,?? ?? ?? ??? ?? ????? ???? ????? ???????
617,"we should match, right?","????? ?? ????? ????","???? ?? ?? ?????? ????? ??????"
618,"wait, wait! you can't leave it like this.","?????? ?????? ?? ?????? ??? ????? ?? ?? ???? ? ????","??? ??? ??? ??? ?? ??? ????? ??????? ???? ???"
619,"she was a little older, but i figured, why not?",??? ?????? ??? ??? ???? ??? ?? ??,"??? ??? ?? ???? ??? ?? ??? ????? ??? ???"
620,"uh, it's looking like the inflow is cranking on the right.",?????? ???? ????? ????? ??? ????? ???? ?? ?????,"???? ?? ??? ?? ??? ?? ????? ?? ??? ???? ???? ?? ???"
621,i'm working on it.,???? ??? ??????,???? ???? ??? ?? ???
622,"so small, on a lake.",???? ???? ???? ????,"??? ??? ????? ??? ?? ??????"
623,it's anxiety.,??????? ??????,??? ?????? ???
624,[ leigh ] i'll do it.,. ?? ?????? ????,?? ??? ??? ?? ?? ???
625,hell.,????,???
626,but what?,??? ?? ?? ???? ???? ???????,??? ???
627,maybe stay home? is that okay?,???? ???? ?????? ???? ??????,???? ?? ???? ?????? ????? ?????
628,what's happening? are you his mother?,?? ???? ?? ???????,?? ?????? ??????? ?? ????? ?????
629,"begins to rotate the updraft, forming a mesocyclone.","????? ???? ????? ?? ????????? ?? ?????? ?? ?????????? ????? ?????",???? ?? ??????? ???? ????? ?? ??? ? ?? ???? ?? ????? ?? ???
630,i was just trying to protect her.,???? ??? ????? ??? ?????? ???,?? ??? ?? ?????? ?? ?? ?????? ???
631,cougar. i knew it.,"????? «? ????????» (??? ?? ?? ????? ?????? ????? ?????? ??????)","????? ?? ??? ?? ?? ??????"
632,"see? riley then, riley now. riley then, riley now.",. ????????? ????? ??? ? ????? ??? ????? ??? ? ????? ???,"?? ?????? ???? ??? ???? ???? ????? ???? ??? ???? ???? ????"
633,what about your boss?,???? ? ???,???? ??? ?????
634,real problems. you get me?,?????? ?????? ????????,"?????? ?????? ???????"
635,we're so close.,???? ?????????,?? ???? ????? ?????
636,we... we got assigned to a different high school.,??????????? ?? ???????? ????,??... ?? ?? ?? ???????? ???? ????? ????
637,"sweetheart, i'll talk to mom, and we'll smooth this out. okay?","????? ???,?? ?? ?????? ???? ?????? ? ????? ??????. ?????","?????? ?? ????? ???? ?? ???? ? ??? ??? ?? ???? ?? ?? ????? ?????"
638,but we can't let her know we're excited.,??? ????? ????? ?? ?????????????,??? ??? ????? ??? ?? ????? ??? ???
639,hello?,?????,?????
640,"i mean, here you are,",??? ?? ????,"?????? ???? ??? ????????"
641,"uh, got a cape of 4,000.","???? ??????? ??????? ???? ?????","???? ?? ???? ???? ???? ????? ?????"
642,right. okay.,????? ???????,"?????? ????"
643,thanks. appreciate it.,????? ?????,"??????? ??????"
644,"or a list of all the worst players,",?? ??? ???? ?????? ????????? ?? ????? ????,"?? ?? ????? ?? ?????? ?????? ???"
645,we got a look. i don't like this.,. ??? ????? ????? ?? ???? ?????,"?? ???? ?????? ?? ??? ?? ???? ?????"
646,"bree and grace's team win,",??? ??? ? ???? ????? ?????,"???? ??? ? ???? ????? ?? ?????"
647,"i'm in new york city, on the corner of 14th and 7th.",?? ??? ??????? ???? ?????? ?? ?? ? ? ?? ????,"?? ?? ??? ??????? ????? ?? ???? ?????? ?? ? ?"
648,moonwind.,??? ????,??? ???
649,"once i leave, everything...",",?????? ??? ??? …??? ???","???? ?? ????? ??? ???..."
650,"we're going chasing... uh, we're gonna kill a tornado, right?","…?????? ???? ????? ???????? ?? ?????? ?? ????? ????? ??????","?? ????? ????? ?? ????? ???? ?? ????? ??????? ?? ?? ????? ??????"
651,"it's weighing on her, so let's lighten the load.","? ???? ????????????? ?? ????? ????? ????","??? ??? ????? ???? ?? ?????? ??? ?? ?? ????"
652,"joy, i can't do it.","????? ?? ??? ???????","???? ??????? ??? ???? ????"
653,"oh, and someone named lisa. who's that?",??? ? ?? ??? ?? ??? ???? ???? ????,"???? ?? ??? ?? ??? ???? ??? ????? ??? ?????"
654,"i'll tell you what,",??? ?? ?????,"????? ???? ???"
655,tell her that this one is different.,??? ??? ??? ??? ??? ?????,??? ??? ?? ??? ??? ?????? ???
656,"stay away from windows. no cars, all right?","?? ???????? ????? ?????? ??? ????? ?? ????? ?????","?? ????? ?? ??? ?????? ??? ???????? ??????? ??????"
657,help me!,! ???,??? ??
658,"come on, riley.",???? ?????,??? ????
659,...and join us inside.,? ???? ????? ???? ????,... ? ???? ?? ?? ????????
660,i'm a cat. i can make this.,?? ?? ??? ?? ??? ?? ????,"?? ???? ????? ?????? ??? ???? ????"
661,"and i've heard music before, but i've never felt like this inside.",?? ???? ?????? ????? ??? ?????? ????? ??? ????? ??????,"? ?? ???? ?????? ?? ????? ??? ??? ??? ??? ?? ????? ???? ?????? ????? ??"
662,"it's loud, and bright, and...",???? ?????? ????? …? ????? ?,"???? ???? ? ???? ???? ?..."
663,this is rebecca's kid. he's a year old.,??? ?????? ?? ?????,"??? ??? ????? ???? ?? ???? ???"
664,he was sure someone was after him.,????? ??? ??? ???????,????? ??? ?? ??? ?????? ?? ????
665,"if we don't like their music,",??? ????? ????????????? ??????? ??? ?????,"??? ????????? ?? ???? ???????"
666,animal. meat.,??????. ????,"?????? ????"
667,hi.,????,????
668,dr borgensson is a world-renowned child psychologist,???? ???????? ??? ?? ?????????? ???? ?????? ????,???? ??????? ?? ???????? ?????? ?? ???? ????? ???
669,i was riding with.,??? ??? ?? ??? ???,?? ?? ?? ?????? ???? ???
670,"jason, where's your dad? i need to speak to him.","????? «,????? ??????». ???? ????? ???? ???","?????? ??? ?? ?????? ???? ?? ?? ???? ???"
671,i'm one of riley's new emotions.,??? ?? ??????? ???? ????????,?? ??? ?? ??????? ???? ???? ????
672,"oh, hello! hello.","! ???? ???? - ???? -","???? ????? ????"
673,"shit, my dad could do this in, like, two months.","?? ????,???? ?????? ???????. ??,?? ??? ????","?????? ???? ?????? ??? ???? ???? ????? ?? ??? ????? ???"
674,yeah. no big deal.,???. ?????? ?????,"???? ??? ????"
675,he's insane.,??? ?????????,?? ?????? ???
676,"so, matt went to vermont.",". ??, «??» ???? ??????","????????? ??? ?? ?????? ???"
677,"can sometimes feel unhelpful at first,","??????? ????? ?????? ?????? ???????? ????","???? ????? ?? ????? ???? ??? ????"
678,i'm not good enough.,?? ?????????,?? ??? ?? ?????? ???? ?????
679,"ooh, just turn a little bit right there. - like this?",??? ??? ???? ?? ?? ?????? - ???????? -,"???? ??? ?? ??? ????? ?????"
680,just what this one needed.,????? ???? ???? ?? ??? ???? ????,??? ??? ?? ???? ?????? ?????? ????
681,i want a stormpar radar right there,…?? ????? ?????????? ??????? ?????,?? ?? ????? ???????? ?? ????? ???? ?????
682,thanks so much. bye! -don't miss us too much.,???? ?????. ??????? - ????? ????????? ??? -,"???? ?????? ???????? ???? ?? ?? ??? ?????"
683,or you just take a few minutes. sure.,?? ??? ????? ??? ???? ????,"?? ??? ????? ??? ???????? ?????"
684,"would be very, very different.",",????. ???? ?????? ????","????? ???? ?????? ???"
685,oh...,…???,???...
686,"red and puffy, do we?","???? ??????? ?? ??????","??? ? ??? ??????"
687,"turn that off, joy!",????? ?? ????,"??? ?? ????? ??? ???"
688,"because it seems like no matter what i do, you disapprove.",??? ???? ??? ???? ?? ?? ????? ?????? ?? ????? ????? ??????,"??? ?? ??? ?? ??? ??? ???? ?? ?? ?? ??? ?? ???? ??? ????? ??? ??? ??????"
689,we're doing major renovations.,????? ??????? ????? ???????,????? ??????? ??? ???? ?? ????
690,"fuck, against the wall, or what?",??? ?? ????? ???? ?? ???,"?????? ?? ????? ?????? ?? ???"
691,find your spark? my life was finally going to change!,??????? ?? ???? ???? ?????? ???? ??????? ????? ??????,???? ? ?? ?? ???? ???? ??????? ????? ?? ????? ?? ???
692,the stream of consciousness.,??? ?????,????? ???????
693,"javi, the... the tornado is headed to a small town.","????? ?????? ???? ????? ?? ??? ?? ??? ????","?????... ?????? ?? ?? ??? ???? ?? ???"
694,you got the kid.,??? ?? ?????,?? ??? ?? ?????
695,"no, no.","??? ??","??? ??"
696,how's it going?,???? ??? ?????,????? ????
697,make a trade. make a trade.,??? ? ??? ?? ??? ? ??? ??,"?????? ??? ?????? ??"
698,kate! kate!,! ???! ???,"???? ???"
699,but goofball is still monkeying around.,??? ????? ?????????? ???? ????? ???????????,??? ?????? ???? ????? ????? ?? ?? ????
700,i don't think so. no.,??? ????. ??,"??? ??? ???? ??"
701,"yeah, well, didn't help these people any.","???? ??? ????????? ?? ??? ???? ??? ????","???? ??? ???? ?? ??? ???? ?????"
702,and it was just--,…? ?? ????,? ??? ???...
703,"the data doesn't see what kate sees, remember?","??????? ???? ?? ??? ???? ?? ????????? ??????","???? ?? ??? ?????? ?????? ??? ?? ?? ????? ????????"
704,"yeah, yeah. text me before you start.",???. ???. ??? ???? ??? ???? ???,"???? ???? ??? ?? ????? ???? ??? ?? ?? ???? ?????"
705,"we get you out of that jar,",?? ?? ???? ???? ??????,"?? ?? ?? ?? ??? ???? ????? ????????"
706,permits just came through.,????? ???? ???? ??,?????? ???? ???? ???? ???
707,"when i was nervous, dez gave me this.",???? ?????? ????? ?? ???? ??? ???,"???? ?? ???? ?? ???? ?? ???? ?? ?? ???"
708,why am i in a police station?,??? ?? ????? ??????,??? ?? ?? ?? ?????? ???? ?????
709,i don't want to.,"??? ?????????",??? ?????
710,whoa.,???,???
711,what do these do? - that's a...,??? ?? ??? ??????? - …??? ?? -,??? ?? ?? ??? ?? ?????
712,look at the fucking hair.,?????? ????,?? ????? ????? ???? ??
713,there it is.,?????,????????
714,hello?,?????,?????
715,she doesn't care about any of that.,?? ??? ????? ????? ?????,?? ?? ??? ???? ?? ??? ????? ????? ??? ???
716,"oh, is brandon okay?",??? ?????? ?????,"???? ????? ???? ?????"
717,and we need a whole new branch of research,…? ???? ?? ??????? ????,? ?? ?? ???? ?? ????? ???? ?? ????? ???? ?????
718,are those golf balls or baseballs?,???? ??? ??? ???? ?? ??? ???????,??? ??? ??? ??? ?? ??? ??? ?????? ??????
719,"you got this, kate.",?? ??? ?????? ???,"?? ??? ?? ?????? ???"
720,"look, i can deal with some freaky stuff,",???? ?? ?????? ?? ?????? ????? ???? ????,"????? ?? ?????? ?? ???? ?? ??? ????? ?????? ????"
721,until orcus moves into the house of gemini.,?? ??????? ????? ??????? ?? ??? ???? ??? ???? ???? ???? ????,?? ???? ?? ?????? ?? ???? ?????? ???? ????
722,"good heavens, man. what are you doing in the zone?",??? ????? ??? ?????? ????? ???????,"???????? ???? ?? ??? ????? ????? ?? ????"
723,"no, i got in a fight with archimedes about this.","??? ?? ?????? ??? ?? ??????? ???? ?????","??? ?? ?? ??? ???? ?? ??????? ??? ???? ??"
724,"joe, i have been here for who knows how long,","??? ?? ???? ???? ??????","??? ?? ???? ?? ??? ????? ???? ???"
725,uh...,…??,???...
726,"we see the hook on the radar, but...",…????? ????? ?? ??? ????? ???????? ???,"?? ??? ?? ??? ????? ?? ?????? ???..."
727,"fuck, come on.",?????,"?????? ???"
728,almost.,???? ?????,??????...
729,we don't have any other choice.,??? ??????? ??????,?? ???? ??? ????? ???? ???? ??????
730,go on.,?????? ??,????? ???
731,"well, now help him out sully.",?? ???? ?? ????,"???? ???? ???? ?? ????"
732,"the military, they came up with portable units,","????? ???? ???????? ??? ?? ?????","????? ???? ??????? ??? ? ???? ????? ??????"
733,it's a temperature inversion in the mid part of the lower atmosphere.,?? ??????? ??? ??? ??? ????? ?????? ?????? ?????,??? ?? ???? ????? ?? ??? ?????? ????? ???
734,"will you knock it off with the baby, kid?",???? ?????? ???? ??? ????,"???? ?? ??? ??? ?? ?? ??? ????? ?? ?????"
735,"moonwind, you gotta help me.","??? ????? ???? ??? ??? ???","???????? ?? ???? ?? ?? ??? ???"
736,good idea. ah!,???? ?????,"??? ?????? ??"
737,i'm not strong like you are.,?? ??? ?? ??? ?????,?? ??? ?? ??? ?????
738,"i know. no, she's not.",". ?????? -. ??,??? ????? -","?? ????? ??? ?????? ????"
739,maybe we could drop him and run.,???? ???? ???? ???????? ??? ????????? ? ????,???? ?????? ?? ?? ??? ???? ? ???? ????
740,riley is from michigan.,????? ??? ????????,???? ?? ????? ?????
741,do you really think that i could be a mother?,?? ????? ??? ?????? ?? ?? ?????? ?? ???? ???,????? ??? ?? ???? ?? ?? ?????? ?? ???? ?????
742,he's dead. like what happened in there?,????. ?? ??? ??????,"????? ????? ????? ?? ?????? ???????"
743,hello? hello?,????? ?????,????? ?????
744,"no, going high. oh.","??? ???","??? ???? ?? ???? ???"
745,"if you feel it, chase it.","??? ??? ??????? ?????? ??","??? ??? ???? ?????? ??"
746,hey. mmm. jesus.,??- ???. ?? ???-,"??? ???? ???? ??"
747,"oh, it's bad.",???? ???,"???? ?? ????"
748,"look, i don't like her words,","??????? ?? ??????? ? ??????","????? ?? ?????? ?? ???? ??????"
749,i loved him.,????? ?????,????? ?????
750,it's spilling! we got to hurry!,! ???? ???????! ???? ???? ????,"???? ?????? ????? ???? ???? ????"
751,so he's your responsibility.,???????? ?? ?????,?? ?? ????? ?????
752,"well, leigh's cosmopolitan now, and she understands this kind of thing.","??? «??» ???? ???? ????????? ? ??? ?????? ??? ?? ??????","???? ?? ???? ?? ??????? ???? ? ?????? ????? ?? ?? ????"
753,i don't want to see you struggle like that.,??????? ????? ?? ?? ??? ??? ??? ??????,??? ????? ????? ?? ?? ??????? ???? ?? ???
754,guess we're listening to dandelions now.,??? ??? ???? ????? ?? ??? ???????? ??? ????,??? ??? ?? ???? ????? ?? ??????? ??? ?? ????
755,joy! -give us your hand! come on.,"???? - ???? ?? ???? ??? ??? -","???? ???? ?? ?? ?? ???? ????"
756,when you burned him alive. - fuck you!,???? ???????? - ?? ???? -,???? ?? ?? ?? ?? ???? ???????
757,"strawberry, huh?",??????????,"??? ?????? ???"
758,you know what i'm talking about.,?? ?????? ?? ???? ?? ??? ??????,?? ?????? ?????? ?? ??? ?? ???
759,i just wanted to get in some extra ice time.,???? ?????? ????? ?????? ????? ???,??? ?? ?????? ??? ??? ??? ????? ????? ????
760,that's great progress.,?????? ???? ???,??? ?? ?????? ???? ???
761,you came in at 3:00 in the morning.,?? ???? ? ??? ?????,??? ???? ? ??? ?? ???? ?????
762,oh. so embarrassing.,??? ????? ????? ???? ???,"???? ?? ?????? ????? ??"
763,and that does what to the tornado?,? ??? ?? ????? ?? ?????? ??????,? ??? ?? ?? ?????? ?? ?? ????
764,huh?,????,???
765,we didn't smoke weed. [ chuckles ],. ?? ??? ?????,?? ??? ?? ?? ????? ??? ??????
766,"wow, those guys are jerks.","???? ???? ???????","???? ??? ??? ?? ??? ?????"
767,we got extra weight on the chassis.,???? ???????? ???????? ?????,?? ?????? ????? ??? ???? ?????
768,"okay, she forgot her sax. and now, all you, connie.","????? ????????? ?? ?? ?????? «? ???? ??» ????","????? ???? ?? ???? ?? ?????? ???? ? ????? ??? ??? ????"
769,uh... -hey.,…?? - ???? -,??...
770,i'm a really good friend.,?? ???? ???? ???????,?? ????? ???? ???? ????
771,"so, here's the plan.","??? ?????? ????","??? ??? ???? ???"
772,"let it go, let it go! come on, come on!",! ??? ??! ??? ??! ??????! ??????,"????? ???? ????? ???? ???? ???? ????"
773,"and by the time i got to mentor number 266,",? ???? ???? ????? ??? ???? ?????,"? ?? ??? ???? ?? ????? ?? ???? ????"
774,denton died in a fire in his office.,????? ??? ???????? ?? ????? ???,????? ?? ???? ??? ?? ??? ??? ???? ???
775,money first.,??? ???,??? ????
776,"jason, really, i am truly sorry.",",????? «,?????». ??????? ???? ??????","?????? ?????? ????? ??????"
777,"no, kate!","! ??? ???","??? ???"
778,let's go.,????,????
779,fuck me on this table like you did my brother.,??? ??? ??? ??? ?? ?????? ??? ???,"?? ?? ??? ??? ??? ????? ????? ???? ??? ??????"
780,um-- well--,?? …??,???... ??...
781,look.,??????,???? ??
782,[ todd ] when are you leaving? okay.,?? ????? ???,?? ?????? ????? ????
783,cool. lead the way.,????. ?? ????? ???,"?????? ??? ?? ????? ??"
784,i'm not asking you to. you have to go.,. ?? ??? ??????? -. ?? ???? ??? -,"?? ?? ??? ??? ????? ?? ??? ??? ?? ?????? ??? ???? ?????"
785,"it's flying at us, man!",! ???? ???? ??????? ???,"??? ???? ?? ??? ?? ?? ???? ????"
786,"yeah, i knew him.",??? ?????????,"???? ?? ?? ?? ?? ??????"
787,see you monday.,?????? ???????,??? ??? ???????
788,"thy rod and thy staff, they comfort me.",",????? ? ????????. ??? ????? ???????","???? ? ????? ??? ????? ?? ????"
789,and great at hockey.,???????? ????? ?? ???,? ?? ???? ?????
790,{\an8}there they are.,???????,????? ?????
791,just because you're staying here...,??? ?? ??? ???? ?? ?? ????? ?????,??? ?? ??? ???? ?? ??? ????? ?? ?????...
792,ow.,??,???
793,that's what life on earth is for.,????? ??? ???? ???? ?????,????? ??? ???? ???? ??? ??? ???
794,"i'm scared, joe.",?? ??????? ??,"?? ?????? ??? ??"
795,[ laughs ] okay.,????,????
796,yep. rain is what we need in the updraft.,???. ????? ????? ?? ??? ????? ????? ??? ???? ?????,"???? ????? ????? ?? ?? ?? ??? ?????????? ??? ???? ?????"
797,"great job, dark secret.",????? ??? ?????,"?????? ????? ????"
798,"thank you, friends. i must...",. ????? ?????? …?? ???? ?? ???????,"?????? ??????? ?? ????..."
799,see if you can find a basement!,! ???? ??????? ???????? ???? ???? ??? ?? ??,???? ??????? ?? ???? ????
800,"okay, i'll tell 'em. got to go.","???????? ????? ????? ???? ???","??? ????? ???? ???? ???"
801,i'm... gonna--,?? ????,??... ??????...
802,what?,????,???
803,it's around 4:00 p.m. now...,???? ???? ???? ?:??,????? ???? ? ??? ???...
804,you don't know how long it's gonna take you to get work up there.,?? ??????? ???? ??? ????? ?? ????? ??? ???? ???,??? ???? ???? ??? ?? ??? ?? ??? ???? ??? ???
805,my pouch has just the thing to get us out of here.,??? ???? ?? ???? ??? ?? ????? ????? ?? ????? ???? ??,??? ??? ?? ???? ???? ????? ????? ?? ????
806,but we got here as soon as we could.,??? ?? ??? ????? ??????? ??????? ??????? ?????,??? ?? ?? ?? ????? ?? ????? ??????
807,yeah.,???,???
808,"no, no, wait! no, no, no!",??. ?? ?????. ??. ??,"??? ??? ??? ??? ??? ??? ??"
809,no. you're totally right.,"??? ????? ???? ?????","??? ????? ?? ?? ????"
810,are you okay?,?????,???? ?????
811,oh. yeah.,"???? ???","???? ???"
812,have i ever steered you wrong before?,?????? ??? ?? ?????? ????????? ????,?? ???? ??? ???? ??? ?? ?????? ????? ?????
813,i don't know how to stop anxiety.,???????? ???? ???? ???? ?????? ?? ??????,??? ???? ???? ?????? ?? ????? ???
814,tell her about the fire hawks?,????? ???????,??? ?????? ? ??????? ??? ??? ???? ????
815,"i don't like to work bloody, but guess what?",??????? ?????? ???? ??? ??? ??? ??? ??,"?? ???? ???? ????? ??? ???? ??? ??? ????? ????"
816,"wait, you're right, i did.","?? ???? ???? ?????","??? ??? ?? ?? ????? ?? ??? ??? ?? ????"
817,you're right to quit. i learned about quitting...,?? ???? ?????? …?? ?????? ?????? ???? ??? ?????,"?? ?? ??? ?? ?????? ????? ?? ?????? ??????? ??? ?????"
818,"my classes suck, so--",???? ?? ??????? …. ????? ???,"???? ?? ?????? ???? ??..."
819,are you okay?,?? ???? ?????,???? ?????
820,"but you don't get the data with this,",…??? ??????? ?? ?? ??? ?? ??? ?????,??? ??? ?? ??? ??????? ??? ??????
821,"javi, how's dorothy's gps?","????? ???????? ?????? ??????","????? ?????? ??????"
822,how do they know that you're not?,?? ??? ?????? ?? ???? ??????,???? ?? ?????? ?????? ?? ??? ??? ??? ???????
823,"all right, tyler, we got to make a choice.",??????? ????? ???? ????? ??????,"????? ???? ????? ?? ???? ?? ?????? ?????"
824,ignore that.,??? ???? ???,???? ?????? ????
825,"no hard feelings, right? all right.",?? ??? ?????? ??? ??????,"??? ?????? ??? ????? ?????? ????"
826,huh?,???,???
827,"i'm telling you, joe, it's pronounced yee-row.",???? ??? ???? ?? «???? ????» ?? ??,"?? ???? ??? ????? ??? ??? ????? yee-row ???"
828,not just denton.,??? ????? ??,?? ??? ?????
829,i'm a good friend.,?? ???? ???????,?? ???? ???? ????
830,yeah! there we go!,???! ?????,"???? ????????"
831,problem solved.,???? ?? ??,???? ????? ??
832,we just had tornado genesis.,???? ???? ?????? ??????? ????,?? ???? ???? ??????? ???? ?????
833,we'll have you back in no time.,?? ???? ?? ?? ???????????,?? ?? ?? ?? ?? ???? ???? ???????
834,but circumstances intervened.,??? ????? ???? ???? …,??? ????? ????? ???
835,where'd you get that?,???? ?? ??? ??????,??? ?? ?? ??? ??????
836,gorgeous?,????? ???,??????
837,whoops. i got it.,??????,"???? ??????"
838,really.,?????,?????
839,you did. up here.,???? ???? ??? ????,"?? ??? ??? ?? ????? ???? ????"
840,no. why? you should probably see mel.,"??? ???? - ??????? ???? ??????","??? ???? ?? ???? ?? ?? ?????"
841,"and i swear, the next thing i know...",…? ??? ??????? ?? ?????,"? ??? ?? ????? ??? ???? ?? ?? ????..."
842,remember we used to have addy check in?,????? ???? ??? ?? ??????????? ??? ???? ??????,??????? ?? ??? ?? ??? ?? ??? ???? ? ?? ????
843,no.,??,??
844,you guys used to have in his office.,?? ??? ????? ?????? ??? ???,??? ??? ?? ???? ?? ???? ?? ???? ???
845,"come on, riley. move those feet.","???? ?????? ??? ????","??? ????? ??? ???? ?? ???? ???"
846,i got to get back to work.,???? ?????? ?? ???,???? ?? ?? ??? ??????
847,"joy, are you taking that","????? ???? ??? ?? ??????","???? ??? ?? ?? ?????"
848,"oh, no!",??? ??,"???? ??"
849,"no! you lied to me. stop, mel.",". ??! ?? ?? ?? ???? ????. «?? ??,» ?? -","??? ?? ?? ?? ???? ????? ????? ???"
850,pipin' hot rumors right off the mill!,?????? ??? ???? ?? ????? ?? ?????,??????? ???? ???? ??? ?? ???? ??????? ????? ?? ???
851,"hey, a few of us are just gonna hang out tonight,","??? ???? ???????? ???????? ??? ?? ??? ????","??? ??? ??? ?? ?? ???? ??????? ????? ?????"
852,"yes! sadness, you could do it.","???. ??? ?? ???????","???? ??????? ?? ??????"
853,i know.,??????,?? ????
854,you can meet some of the other fire hawks.,??????? ?? ?????? ??????? ??? ???? ????,?? ????? ?? ???? ?? ???? ??????? ???? ?????? ????
855,"come on, let's go! log in.",???? ???? ???? ??,"???? ????? ??????? ??????"
856,"but i hadn't heard from you, so, you know,",??? ??? ???? ??? ?????? …???? ???? ???????,"??? ???? ?? ?? ??????? ??? ???????"
857,that's... good. good.,??? ???? …????,"???... ????? ????"
858,"to be inside a tornado, kate.",????????? ???,"?? ?? ???? ?? ??????? ???? ????"
859,maybe for you it is.,???? ???? ?????,???? ???? ?? ?? ???? ??? ????
860,aren't those traitors dead to us?,???? ???? ?? ??? ??????? ??? ????? ?????,??? ????????? ???? ?? ???? ????
861,"look, i... i... should really be getting back.","????? ?? …?? …????? ???? ??????","????? ??... ??... ???? ????? ??????"
862,good boy. that's right.,????? ??? ??? ???,"??? ???? ?????"
863,"leigh, you're an adult.",". ?? «,?? ?? ??? ?????»","??? ?? ?? ???????? ????"
864,put 'em on.,????? ??,?? ?? ?? ??????
865,"i'm trying. - well, try harder.","???? ???? ?????? - ??? ?????? ???? ?? -","???? ???? ?? ???? ???? ????? ???? ?? ???"
866,jeb! yep.,! ?? - ???? -,"???? ???"
867,"mom, i'm sorry that i was snarky about the addition--","?????,?????? ?? ?????? …. ??????","?????? ?????? ?? ?? ???? ????? ???? ??..."
868,"we usually talk about jazz,",?????? ?????? ??? ???? ???????,"?? ?????? ?? ???? ??? ???? ?? ?????"
869,"man, the ac's blowing hot air. no. i'm sorry.","???? ?? ???? ??? ??? ????? - ??? ?????? -","???? ?? ???? ???? ??? ?? ??? ??? ??????"
870,i thought for certain i was gonna fly.,????? ???? ????? ?????? ????? ??? ??????,?? ????? ??? ???? ?? ?? ????? ????? ???
871,"all right, guys, it's gonna be a long night.","??????? ??????? ?? ????????? ?? ????","???? ??? ??? ??? ?? ?????? ????? ???"
872,"oh! rocking the red, huh?","???! ?? ???? ????? ????","???? ??? ????? ????"
873,22! don't you walk away from me.,! ?? ???? ?? ???? ?????,"???? ? ??? ?? ?? ??? ?????"
874,"isaac barsi with rosenberg, swinson and velasquez.","????? ????? ?? ???? ???????? ??????? ? ??????","????? ????? ?? ???????? ??????? ? ???????"
875,i gotta get back to my gig.,???? ?????? ??? ???,?? ???? ?????? ??????
876,make a trade.,??? ? ??? ??,?? ?????? ????? ???
877,"make sure you stay hydrated, miss kamen.",???? ?? ???? ???? ???? ???,"????? ????? ?? ?? ????? ?????? ???? ?????"
878,just like me.,??? ???? …,???? ??? ??
879,i'm sorry.,. ??????,??????
880,maybe.,????,????...
881,i don't know.,????????,??? ????
882,"no, no!","??? ??","??? ??"
883,"and we heard thunder, and she shot up out of the tub",? ???? ??? ? ??? ?????? …? ??? ?? ??? ??? ???? ?????,"? ???? ???? ?? ??????? ? ?? ?? ??? ??? ????? ????? ???"
884,sully won me with a pair of sixes.,???? ??? ?? ?? ??? ? ???,???? ?? ??? ?? ???? ??? ???
885,what's that blocking it?,??? ??? ?? ???? ?? ??????,??? ?? ????? ?? ????
886,we don't get to choose who riley is.,?? ????????? ???? ????? ?? ????? ????,?? ??? ????? ?????? ???? ???
887,checking in on your baby.,?? ??? ?? ????,??? ?? ?? ????? ?? ???
888,okay. okay. [ sobbing ],. ????. ????,"????? ???? ????? ???..."
889,okay. shh.,. ???? ??. ??,"??? ????"
890,i stopped by your mom's in sapulpa to check in.,???? ?????? ??? ?????? ?? ???? ?? ?????,?? ?? ???? ????? ??????? ?? ????? ??? ?? ?????? ???
891,and i've never been able to get it to change.,? ?? ???? ????? ?? ?????? ???,? ?? ???? ???????? ??? ?? ????? ???
892,it's how val made the team as a freshman.,??? ?? ???? ???? ?????? ?? ????? ?? ??? ???? ?? ??? ??? ???? ???,?? ??? ???? ??? ??? ?? ?? ???? ??? ????
893,they would read your article and-- and... change their minds.,???? ???? ????? ?? ???? ? …? ?????? ?? ??? ???,????? ??? ?? ?????? ????? ?... ?... ???????? ?? ????? ?????? ???
894,absolutely nothing. mm-hmm.,?????? ????,????? ????
895,you will go to earth,…?? ?? ???? ???? ?,?? ?? ???? ?? ???
896,you got it?,??????,????? ?????
897,doesn't this sound like that guy?,???? ??? ???? ?????,??? ??? ???? ??? ??? ?????
898,"no, i was on the phone with her from the bar.",??. ?? ??? ????? ??? ???? ????,"??? ?? ?? ?? ?? ??? ???? ????"
899,yeah.,???,???
900,and all those beliefs come together,? ??? ?????? ????????,? ??? ??? ???????? ?? ?????? ?? ????
901,i drink wine with on occasion.,?? ?? ???? ????? ???? ???????,???? ????? ???? ?? ????
902,do you know quid pro quo?,???????? «?? ??» ???? ???,??? ???? ?? ?? ??????
903,it's okay. i drop things all the time.,. ?????? ????? ???? ???? ?? ?? ???? ??? ????,"????? ????? ?? ????? ????? ?? ?? ??????"
904,"go for joy. copy that. over. oh, i love 'em!",". ???? ?? ????. ?????? ??? ???? ??? ??????","???? ??? ???? ????? ??? ????? ???? ??????? ????"
905,remember that?,??????,????????
906,"all right, here. hey, ben, can you get me some water?","???????? ??? - ?? ??? ????? ??????? ?? ??? ???? -","???? ??? ?????? ??? ??? ?? ???? ?? ????? ?? ?? ?? ????"
907,"is this sort of what you do, mr. audrey?",??? ????? ???? ?????,"???? ????? ??? ??? ????? ?? ?? ????"
908,"moonwind, how are ya?",??? ???? «(= ??? ???) ???? ??????»,"??? ???? ??????"
909,no. okay.,??. ???????,"??? ????"
910,before y'all are done making a difference?,??? ??? ???? ????? ??????,"??? ?? ????? ??? ?????? ???? ???? ???? ?????? ????? ?????"
911,shit.,??,?????
912,one night there was a poker game.,?? ?? ?? ???? ???? ???,?? ?? ???? ???? ???
913,"well, that butterfly began as a caterpillar.","?? ??? ??????? ?? ????? ??? ?????? ????","???? ??? ?????? ??? ??? ?????? ???? ???"
914,while riley takes a breather.,?? ????? ??? ?????,?? ???? ?? ???? ??? ?? ???
915,why are you here? - listen.,??? ???????? - ??? ?? -,??? ??? ????? ??????
916,"all right, let's move, fellas.","???????? ????? ???? ????","????? ???? ?????? ???? ????? ????"
917,"bring it in, team.",????? ????? ??????,"???? ?? ?? ???? ??"
918,"no, don't look at that stuff. let's look over here.","??? ???? ?? ????? ??? ????? ?? ????","??? ??? ????? ?? ???? ??? ?????? ????? ????? ?? ??????"
919,we build her a new sense of self.,???? ?? ???? ???? ??????,?? ?? ???? ?????? ?? ?? ?? ?? ????
920,you're always in danger of losing due to budget cuts?,??? ? ?? ??? ?? ??? ???? ????? ????? ?????? ???? ?????,??? ????? ?? ??? ?? ??? ???? ????? ???? ????? ??????
921,"oh, thanks, guys.",????? ??????,"???? ??????? ??? ??"
922,why? what about sully?,???? ???? ?? ???,???? ???? ?????
923,go!,! ???,???
924,okay.,????,????? ???
925,you ready? let's go!,?????????? -! ??? ???? -,??????? ????
926,"i mean, if you",…????,?????? ??? ??? ?? ??? ???
927,we're professionals. - mm-hmm.,?? ????????,?? ???? ?? ?????
928,and stay away!,! ? ??? ????,? ??? ???????
929,i'm ready to reach her.,????? ?? ????? ?????? ?????? ???,?? ????? ?? ?? ?? ????
930,you decide.,?????? ?? ?????,??? ????? ?? ?????
931,i'll be right back. practise your scales.,???? ?? ??????? ??? ????? ????? ????? ????,"?? ???? ???? ???? ????? ????? ??? ?? ????? ??"
932,"if you're too much of a pussy, just gimme the gun.",??? ?????? ?????? ????? ?? ??? ?? ????,"??? ???? ???????? ????? ??? ????? ?? ???? ??"
933,got my head stomped on by one too many bulls.,????? ??? ???? ??? ?? ??? ????,??? ?? ?? ??? ?? ?????? ?? ??? ?? ?? ?? ????
934,you're stoned.,?? ??????,?? ??? ??? ??
935,let's go.,????,????
936,we need to evacuate this arena right now!,! ???? ???? ???? ??? ?????? ?? ????? ????,?? ???? ???? ???? ??? ????? ?? ???? ????
937,i did it. i did it! i'm back.,"! ???????? ???????! ?? ??????","?? ?????? ????? ?? ?????? ????? ?? ??????"
938,i don't know nothing about no makeup.,??? ??????? ??? ?????? ???,??? ???? ??????? ?????? ? ????? ???? ???????
939,you all right?,?????,?????? ?????
940,can't trust a thing she says.,?????? ?? ?? ???? ?? ??????? ?????? ???,???? ?? ?? ?? ???? ???? ??? ???
941,i'm thinking there's no reason,????? ?????? ????? ????? ??,??? ?? ??? ??? ????? ???? ?????
942,dorothy can't tell you that. lagrangian mechanics.,?????? ??? ?? ???????? ????? ??? ?????? ????????,"?????? ??? ????? ??? ?? ?? ??? ?????? ?????? ????????"
943,"all right, how are we getting to this thing?","???????? ???? ???????? ???? ??????","????? ???? ?? ???? ?? ??? ???? ????? ????"
944,you need to settle down. if you keep this...,???? ????? …??? ???,"????? ?? ?? ?? ???? ????? ??? ???? ??? ????..."
945,"but i feel, i feel fine.",??? ?? ?????? ????,??? ????? ?? ??? ?? ???? ????
946,no way.,???????,??? ????? ????
947,"oh, no. honey.","??? ??? ?????","???? ??? ?????"
948,yeah! - yeah!,! ??? -! ??? -,??? ???
949,then get back to the club.,…??? ?????? ??,??? ?? ?????? ?????
950,she doesn't need to know. -objection.,???? ???? ????? - ?????? ???? -,???? ???? ?????
951,i'm nice. i'm mean.,. ?? ??????? ?? ?? ????,"?? ????? ?????????"
952,"i know, somebody raises you,",??????. ???? ??? ????? ???,"?? ????? ??? ??? ?? ???? ?? ????"
953,i'm not gay.,. ?? ??? ?????,?? ???????? ?????
954,you know what i'm saying? i'm...,??????? ?? ????? …??,?? ???? ?? ????? ??...
955,"waiting on you, lion.",????? ?? ????? ???,"???? ????? ?? ????"
956,"nostalgia, you aren't supposed to be here yet.","????????? ?? ???? ???? ????","???????? ?? ???? ????? ????? ????"
957,"okay. oh, shit. can anyone see me, do you think?","????? ???? ?????? ??? ?????? ??? ??? ????? ???????","????? ???? ???? ?????? ??? ?? ???? ??? ?? ????? ??? ??????"
958,"or somebody else's thing, you know?",?? ??? ??? ???? ??? ????????,"?? ?? ??? ????? ?? ?????"
959,"oh, no...",??? ??,"???? ??..."
960,"i'm fucking bleeding, man.",???? ??????? ?????? ???,"?? ???? ??????? ?? ???? ???"
961,"it's all happening too fast, you know.",???? ??? ???? ????? ????? ??????,"??? ??? ???? ???? ????? ?? ????? ?? ?????"
962,"we could become a fire hawk, like, tomorrow.",???????? ???? ???? ??? ??? ????????? ????? ?????,?? ?? ????? ????? ??? ?? ????????? ????
963,"yeah. guys, i-- i really-- i wanna talk about this.","??? ?????? ?? ????? ?????? ?? ?? ??????? ??? ???? …???. ??? ??,?? …?? ?????. ?????? ?????? ??? ????","???? ??? ??? ?? ????? ?????? ?? ??? ???? ??? ????"
964,jeb!,! ??,???
965,robert edward audrey.,????? ?????? ????,????? ?????? ????
966,"oh, and you didn't happen to see the directions...",.. ? ?? ??? ?? ?????,"???? ? ????? ????? ????? ?? ??? ?? ?? ?????..."
967,"the password is ""outofmyhouse""-- one word.",",??????? ??? «outofmyhouse». ??????",???? ???? ??? ??? ?? ?? ???? ???? ??? ?? ????
968,and stumble once in a while.,?? ??? ?? ?? ????. ?????? ?? ???? ?????? ???,? ?????? ?? ??? ?? ?? ???????
969,"leave it, leave it! come on, come on!","! ??? ??? ??? ??! ??????? ??????","???? ??? ???? ??? ???? ???? ???"
970,"but while we have her, ooh!",…??? ?? ????????,"??? ?? ???? ?? ?? ?? ?????? ????"
971,with your dick.,.. ?? ????,?? ??????
972,we get right in front of that thing and set up our radar.,?????? ???? ?????? ? ???????? ?? ??? ????????,?? ???? ???? ?? ??? ???? ?? ????? ? ???????? ?? ?? ??????
973,joy from headquarters?,???? ???? ?????????,??? ?? ??? ??????
974,what's gonna happen?,?? ?????? ?????? ??????,?? ?????? ?? ?????
975,yeah?,????,????
976,one mississi...,…?? ? ??,?? ???????...
977,"now, stay your ass there.",???? ?????? ????,"????? ???? ?? ????? ????"
978,she's the only one that can fix this.,??? ???? ???? ?? ?????? ????? ???,?? ???? ??? ??? ?? ?? ????? ??? ?? ???? ???
979,"let's go, guys! let's go!",! ???? ??????! ????,"???? ??? ??? ????"
980,"he also told me about that, uh.",???? ??? ?? ???? ???? ???,"?? ??? ?? ??? ???? ?? ?? ???? ??"
981,"what do you mean, she was there with it?",?????? ??? ?? ??? ????? ????,"?????? ???? ??? ?? ???? ????? ????"
982,"hey. we got to go, t.","??? ???? ???? ??","??? ???? ????? ??"
983,"we'd go up to my mom's friend's, up in vermont.",?? ?? ???? ???? ?????? ??? ?????? ?????,"?? ???? ???? ????? ?? ?????? ?? ??????"
984,her purpose. was it music? biology? walking?,"???????? ?????? ???? ????? ??? ?????",???? ?????? ???? ???? ?????? ??? ?????
985,"hey, terry, what's that over there?",?????? ????? ????,"??? ???? ??? ??? ????"
986,we're gonna have so much fun! -all right.,????? ??? ????? ??? ????? - ??????? -,?? ??????? ??? ??? ????? ????
987,it's way better than here.,?? ?????? ???? ?? ???????,???? ???? ?? ????? ???
988,i'm from all over.,??????? ???? ???,?? ??? ??? ?? ????
989,what the fuck is this? - are you crazy?,??? ???? - ?????????? -,??? ???? ?????? ???
990,"ready for a little q&a, huh?",????? ??????? ?????,"???? ?? ?????? ? ?????? ???????"
991,i'm sorry for what happened.,???? ?????? ?? ????? ??????,?????? ?? ?? ?????? ??????
992,"i- i just adopted him, so it's in the process.",?? ???????????? ?????? ???? ???? ???? ?????,"??... ?? ?? ?? ?? ????? ?????? ??? ???????? ??? ??? ?? ????? ???"
993,we'd have addy do it 'cause she was...,…???????? ??? ??? ???? ????? ??? ???,?? ???? ??? ??? ?? ????? ??? ??...
994,"i said, ""hands where i can see 'em.""",???? ?????? ???? ????,"????? « ??? ???? ?? ????? ?????»"
995,she looked like a swiss army knife. - you guys could come visit!,???? ?? ????? ????? ?????? ?????- ????? ??????? ????? ??????-,?? ??? ????? ???? ???? ?? ??? ?? ????
996,inside of a tornado to see if we can make it collapse.,???? ?????? ????????? ?? ?????? ???????? ???? ??????? ????? ?? ??,?? ???? ?? ?????? ?? ?????? ?? ??? ?? ?????? ?? ?? ?? ??? ?????
997,i offered you the tape.,…? ??? ????? ????,?? ???? ?? ?? ??? ??????? ????
998,can you do this?,?????? ??????? ????,?????? ??? ???? ????
999,i'm not your teacher anymore.,?? ???? ????? ?????,?? ???? ????? ??? ?????
